text,category,amount
langganan spotify family,hiburan,361206
top up steam wallet,hiburan,148021
tes lab,kesehatan,342112
beli iphone,belanja,458544
staycation hotel,hiburan,201063
sewa motor harian,transportasi,158163
beli sabun mandi,belanja,484224
rawat inap rs,kesehatan,448104
sedekah,sosial,264463
beli sabun mandi,belanja,222836
bayar kartu kredit bca,tagihan,297464
service mobil,transportasi,296072
uang amplop nikahan,sosial,456314
vaksin influenza,kesehatan,156753
biaya tak terduga,lainnya,169643
tes urine,kesehatan,270849
beli sandal,belanja,128102
service ac,lainnya,465269
beli susu lansia,kesehatan,415636
beli samsung,belanja,468593
traktir teman makan,sosial,252340
naik ojek pangkalan,transportasi,132323
biaya sekolah,pendidikan,405220
top up mobile legends,hiburan,280806
bayar wifi biznet,tagihan,359744
beli token listrik,tagihan,396016
es teh,makanan,365446
beli hampers,sosial,6296
sewa bus pariwisata,transportasi,369858
beli paracetamol,kesehatan,265773
pengeluaran tidak terduga,lainnya,361942
langganan ruangguru,pendidikan,357834
beli kaos polos,belanja,164574
cetak foto,lainnya,355298
uang semester,pendidikan,351382
biaya notaris,lainnya,178924
biaya kuliah,pendidikan,222018
bayar tol,transportasi,151238
beli vitamin d,kesehatan,132567
naik gojek,transportasi,381620
bayar pajak kendaraan,transportasi,162784
kursus bahasa inggris,pendidikan,164728
naik krl,transportasi,399269
biaya tukang,lainnya,490512
naik krl,transportasi,181080
kopi keliling,makanan,458018
kursus online,pendidikan,214514
isi bensin pertashop,transportasi,323372
bayar cicilan mobil,tagihan,122895
ganti oli motor,transportasi,147038
service mobil,transportasi,255984
seblak,makanan,144180
bimbingan belajar,pendidikan,103651
traktir teman makan,sosial,458782
main ke bioskop,hiburan,426350
bayar potong rambut,lainnya,25333
naik mrt,transportasi,306883
biaya tukang,lainnya,395774
beli rak sepatu,belanja,153225
beli obat anak,kesehatan,299483
kursus excel,pendidikan,435278
rawat jalan,kesehatan,21331
warung padang,makanan,271248
ongkos tambahan,lainnya,56494
beli skincare korea,belanja,236855
cetak foto,lainnya,363154
top up mobile legends,hiburan,405092
rawat jalan,kesehatan,356512
beli vacuum cleaner,belanja,96850
cicilan motor,tagihan,387357
beli skincare korea,belanja,314219
roti canai,makanan,329282
kursus ai,pendidikan,202651
ongkir shopee,lainnya,92209
naik grab,transportasi,345862
bayar indihome,tagihan,276939
seblak,makanan,316699
ikut workshop,pendidikan,348203
bayar bpjs kesehatan,tagihan,235142
bayar derek,transportasi,317556
beli vitamin c,kesehatan,441088
beli pulpen,lainnya,149169
makan all you can eat,makanan,464199
sedekah,sosial,161085
laundry express,lainnya,71767
bantu keluarga,sosial,13536
tiket dufan,hiburan,240717
liburan ke bali,hiburan,483959
spooring balancing,transportasi,246035
vaksin influenza,kesehatan,315074
langganan ruangguru,pendidikan,77085
camping di gunung,hiburan,339994
fisioterapi,kesehatan,290456
biaya aplikasi,lainnya,82530
service ac,lainnya,374380
beli air fryer,belanja,297192
bayar parkir,transportasi,130066
gorengan,makanan,325695
belanja di shopee,belanja,403453
ayam rica rica,makanan,154552
tes lab,kesehatan,112586
iuran warga,sosial,36402
bantu keluarga,sosial,329749
kursus coding,pendidikan,364302
tiket kereta,transportasi,115970
isi angin ban,transportasi,247062
beli skincare,belanja,388967
langganan ruangguru,pendidikan,126710
print dokumen,lainnya,489928
biaya praktikum kampus,pendidikan,267388
beli obat di apotek,kesehatan,431273
cicilan mobil,tagihan,409744
seblak,makanan,229622
mie sedaap,makanan,28114
beli laptop pelajar,pendidikan,404312
es teh,makanan,356364
warung padang,makanan,125087
periksa ke dokter umum,kesehatan,417603
tiket bioskop xxi,hiburan,407107
cetak foto,lainnya,377851
ongkos tambahan,lainnya,55700
bakso solo,makanan,272138
beli tiket pesawat,transportasi,360109
beli buku sekolah,pendidikan,369533
bayar karaoke,hiburan,206405
kasih uang ke orang tua,sosial,92536
bayar cicilan mobil,tagihan,202373
bayar listrik pln,tagihan,28752
tes lab,kesehatan,295621
rawat jalan,kesehatan,340278
langganan spotify premium,hiburan,215020
beli piring,belanja,458462
gorengan,makanan,214186
beli pulpen,lainnya,39402
cetak foto,lainnya,182183
belanja tiktok shop,belanja,155669
beli pulpen,lainnya,116091
medical check up,kesehatan,320830
bimbingan belajar,pendidikan,433865
bayar kredivo,tagihan,53477
pecel lele,makanan,117321
staycation hotel,hiburan,194060
senam terapi,kesehatan,329026
uang amplop nikahan,sosial,332996
potong rambut,lainnya,365221
beli mesin kopi,belanja,248409
biaya sekolah,pendidikan,415804
bayar token,tagihan,172108
beli manga,hiburan,489604
ayam bakar,makanan,498667
bayar cicilan motor,tagihan,36959
bayar pajak kendaraan,transportasi,119276
uang semester,pendidikan,291066
ikut workshop,pendidikan,309358
naik grab,transportasi,217022
bantu keluarga,sosial,261219
makan malam bersama teman,sosial,194319
tes antigen,kesehatan,422506
es teh,makanan,348638
beli parfum lokal,belanja,212516
bayar listrik pln,tagihan,133311
camping di gunung,hiburan,53084
bayar bpjs kesehatan,tagihan,438580
main arcade,hiburan,345766
biaya sertifikasi,pendidikan,383636
bayar karaoke,hiburan,165692
sedekah,sosial,248231
biaya aplikasi,lainnya,237485
beli buku sekolah,pendidikan,339353
cilok,makanan,273132
tiket lion air,transportasi,259616
beli hampers,sosial,49434
liburan keluarga,hiburan,131845
beli susu lansia,kesehatan,27178
tes antigen,kesehatan,396016
ayam bakar,makanan,488548
beli laptop pelajar,pendidikan,34420
bayar paylater,tagihan,408618
beli sandal,belanja,478643
ongkos tambahan,lainnya,335457
kursus bahasa inggris,pendidikan,145990
naik becak,transportasi,33106
beli kemeja kerja,belanja,440178
ikan bakar,makanan,117065
beli sabun mandi,belanja,245947
beli buah jeruk,makanan,191264
lontong sayur,makanan,398676
bayar indihome,tagihan,274089
ongkos tambahan,lainnya,212406
pengeluaran tidak terduga,lainnya,329626
kursus data science,pendidikan,199356
tiket kapal laut,transportasi,278545
ganti oli motor,transportasi,236819
ongkos tambahan,lainnya,123270
sewa motor harian,transportasi,19138
nonton konser,hiburan,334387
kontrol dokter,kesehatan,378503
laundry,lainnya,477097
belanja di tokopedia,belanja,458645
kopi keliling,makanan,230994
isi angin ban,transportasi,133710
medical check up,kesehatan,144129
nasi goreng,makanan,376112
beli vitamin d,kesehatan,297533
mie sedaap,makanan,372955
beli hampers,sosial,92493
bayar paylater,tagihan,80681
periksa ke dokter umum,kesehatan,235562
beli iphone,belanja,161842
bayar potong rambut,lainnya,294435
bayar kost bulanan,tagihan,367021
checkout shopee,belanja,348293
biaya praktikum kampus,pendidikan,306589
beli pulsa telkomsel,tagihan,134247
donasi,sosial,428656
uang amplop nikahan,sosial,450123
tes antigen,kesehatan,245146
iuran warga,sosial,408894
beli tiket pesawat,transportasi,452452
beli parfum lokal,belanja,47565
gofood,makanan,6130
gado gado,makanan,352011
beli obat demam,kesehatan,121155
beli buku pelajaran,pendidikan,93202
bayar arisan,sosial,67622
ketoprak,makanan,57418
bayar gym membership,hiburan,355140
potong rambut,lainnya,144075
ikut workshop,pendidikan,220659
servis rem mobil,transportasi,412725
langganan netflix,hiburan,327337
periksa ke dokter umum,kesehatan,403571
belanja tiktok shop,belanja,310742
bayar listrik pln,tagihan,483795
makan all you can eat,makanan,33401
pengeluaran tidak terduga,lainnya,313059
biaya aplikasi,lainnya,425567
beli manga,hiburan,291268
langganan spotify premium,hiburan,440888
beli power bank,belanja,96786
bayar wifi indihome,tagihan,478373
bayar cicilan motor,tagihan,433056
biaya operasi,kesehatan,47772
bayar listrik pln,tagihan,242729
ikut workshop,pendidikan,498429
beli charger hp,belanja,469211
bayar hosting web,tagihan,280501
langganan netflix,hiburan,52211
makan malam bersama teman,sosial,90895
sewa motor harian,transportasi,229593
sewa motor harian,transportasi,249278
service mobil,transportasi,8091
ongkos tambahan,lainnya,228694
kursus bahasa inggris,pendidikan,419448
kopi susu,makanan,213910
pengeluaran tidak terduga,lainnya,256830
kondangan nikahan teman,sosial,378110
naik krl,transportasi,173980
biaya tukang,lainnya,82764
beli buah jeruk,makanan,476325
les privat bahasa inggris,pendidikan,299924
beli rak sepatu,belanja,470273
beli vacuum cleaner,belanja,423832
thai tea,makanan,92194
sewa motor harian,transportasi,71735
beli hampers,sosial,225653
beli mesin kopi,belanja,479037
bimbingan belajar,pendidikan,48011
roti canai,makanan,35866
langganan netflix,hiburan,222525
bimbel online,pendidikan,279928
kasih uang ke orang tua,sosial,410447
beli obat demam,kesehatan,24790
sedekah,sosial,115036
beli paket data,tagihan,8580
beli sampo,belanja,109447
fisioterapi,kesehatan,85026
langganan youtube premium family,hiburan,30063
iuran warga,sosial,76583
ayam rica rica,makanan,330666
kursus data science,pendidikan,256340
bayar wifi,tagihan,408162
beli ibuprofen,kesehatan,71457
beli game steam,hiburan,467660
makan malam bersama teman,sosial,369693
kondangan nikahan teman,sosial,339084
biaya operasi,kesehatan,498423
biaya operasi,kesehatan,227305
kursus online,pendidikan,403241
bayar pajak kendaraan,transportasi,204429
beli manga,hiburan,492835
ketoprak,makanan,104656
jalan jalan,hiburan,157233
laundry express,lainnya,47958
sedekah,sosial,83940
tes urine,kesehatan,31089
beli buku pelajaran,pendidikan,61084
biaya transfer antar bank,lainnya,254698
kopi keliling,makanan,311012
tes lab,kesehatan,317592
kursus bahasa inggris,pendidikan,382651
warung makan,makanan,65472
ayam bakar,makanan,44449
iuran warga,sosial,219504
liburan ke bali,hiburan,269998
beli dispenser,belanja,466020
bayar paylater,tagihan,143601
beli pulsa telkomsel,tagihan,308201
tiket dufan,hiburan,374118
beli wajan,belanja,65175
senam terapi,kesehatan,348675
langganan udemy,pendidikan,378123
bayar pajak kendaraan,transportasi,369654
biaya praktikum kampus,pendidikan,358387
beli parfum,belanja,451872
print dokumen,lainnya,52406
patungan gathering,sosial,93189
sedekah,sosial,50200
warung nasi,makanan,319019
beli buku sekolah,pendidikan,373977
beli ibuprofen,kesehatan,240789
les privat matematika,pendidikan,284032
isi saldo e-toll,transportasi,370529
beli obat di apotek,kesehatan,202234
biaya transfer antar bank,lainnya,191511
bakso solo,makanan,143656
cilok,makanan,115430
biaya sekolah,pendidikan,476498
kasih uang ke orang tua,sosial,411382
nasi padang,makanan,388730
ayam rica rica,makanan,203943
jalan jalan,hiburan,148891
bootcamp ui ux,pendidikan,40634
checkout tokopedia,belanja,155801
cicilan motor,tagihan,127073
laundry,lainnya,103688
beli pulpen,lainnya,57499
staycation hotel,hiburan,295535
naik grab,transportasi,486018
tiket bioskop xxi,hiburan,469409
fotocopy ktp,lainnya,50991
uang amplop nikahan,sosial,51835
rawat jalan,kesehatan,180452
kontrol dokter,kesehatan,323282
kondangan nikahan teman,sosial,129136
tiket kapal laut,transportasi,218085
biaya sertifikasi,pendidikan,137339
nasi goreng,makanan,286875
les privat matematika,pendidikan,386269
beli mesin kopi,belanja,483638
rawat inap rs,kesehatan,56998
fotocopy,lainnya,414828
beli kaos polos,belanja,166969
fotocopy ktp,lainnya,159617
naik krl,transportasi,384891
spp sekolah,pendidikan,84907
martabak manis,makanan,87704
isi bensin pertamax,transportasi,297241
main ke bioskop,hiburan,27206
patungan makan,sosial,147217
tes urine,kesehatan,27735
beli air fryer,belanja,287805
bootcamp programming,pendidikan,448913
naik grab,transportasi,260972
makan malam bersama teman,sosial,180645
kelas online,pendidikan,181980
biaya admin bank,lainnya,481213
langganan youtube premium family,hiburan,205211
biaya operasi,kesehatan,79149
beli tiket kai,transportasi,373498
bayar listrik pln,tagihan,155801
beli tiket kai,transportasi,92969
staycation hotel,hiburan,281540
kasih uang ke orang tua,sosial,378462
beli merchandise konser,hiburan,275205
beli buku pelajaran,pendidikan,284786
checkout shopee,belanja,288648
periksa ke dokter umum,kesehatan,318129
belanja di shopee,belanja,339445
soto ayam,makanan,417811
beli vitamin ibu hamil,kesehatan,439613
beli obat anak,kesehatan,407355
kelas online,pendidikan,353491
beli buah apel,makanan,414005
rendang,makanan,271171
gado gado,makanan,82643
iuran warga,sosial,222910
bayar listrik pln,tagihan,76846
uang amplop nikahan,sosial,270609
bootcamp ui ux,pendidikan,238716
beli game steam,hiburan,164448
ongkos tambahan,lainnya,143938
beli laptop,belanja,156049
biaya tak terduga,lainnya,31548
pengeluaran tidak terduga,lainnya,471486
kursus ai,pendidikan,113458
les privat matematika,pendidikan,337463
camping di gunung,hiburan,408263
beli sepatu sneakers,belanja,232526
laundry,lainnya,21977
bantu keluarga,sosial,44592
isi bensin pertalite,transportasi,454174
liburan ke bali,hiburan,195479
beli samsung,belanja,401594
bayar token,tagihan,156657
naik mrt,transportasi,57704
beli wajan,belanja,348367
isi saldo e-toll,transportasi,404893
biaya kuliah,pendidikan,411592
patungan gathering,sosial,59499
ongkir shopee,lainnya,322183
bayar potong rambut,lainnya,372382
biaya aplikasi,lainnya,159720
bayar wifi indihome,tagihan,190748
isi bensin pertamax,transportasi,187034
bayar pajak kendaraan,transportasi,330597
langganan spotify family,hiburan,456295
belanja di tokopedia,belanja,277086
gofood,makanan,46313
bayar pajak kendaraan,transportasi,300903
bayar akulaku,tagihan,462331
laundry express,lainnya,247927
top up steam wallet,hiburan,315278
bayar parkir,transportasi,339427
liburan ke bali,hiburan,182752
kursus ai,pendidikan,383752
bakso solo,makanan,134303
service ac,lainnya,435449
naik becak,transportasi,19209
naik krl,transportasi,407075
bayar denda,lainnya,474173
beli skincare,belanja,219092
bayar internet,tagihan,406632
beli pulpen,lainnya,241604
tiket dufan,hiburan,70260
kontrol dokter,kesehatan,105666
biaya operasi,kesehatan,427681
bantu keluarga,sosial,291446
beli skincare,belanja,52344
warung padang,makanan,53390
bayar bpjs kesehatan,kesehatan,379507
beli manga,hiburan,295048
warung padang,makanan,131286
traktir teman makan,sosial,29087
laundry,lainnya,57969
sedekah jumat,sosial,286886
nasi goreng,makanan,237328
biaya laundry kiloan,lainnya,485996
sewa elf,transportasi,178119
belanja di indomaret,makanan,71818
beli buku sekolah,pendidikan,204171
belanja di tokopedia,belanja,332894
tiket dufan,hiburan,135868
jalan jalan,hiburan,13616
kasih hadiah,sosial,175909
beli air fryer,belanja,99401
bayar microsoft 365,tagihan,484587
jalan jalan,hiburan,151654
beli paracetamol,kesehatan,74102
bayar kost bulanan,tagihan,178168
biaya tukang,lainnya,454117
checkout tokopedia,belanja,196814
biaya praktikum kampus,pendidikan,65337
beli mesin kopi,belanja,262805
pengeluaran tidak terduga,lainnya,120812
patungan gathering,sosial,413404
tiket lion air,transportasi,76145
uang amplop nikahan,sosial,226794
ongkir shopee,lainnya,68300
isi angin ban,transportasi,399679
sedekah,sosial,286861
ganti oli motor,transportasi,371721
sedekah jumat,sosial,436637
beli vitamin c,kesehatan,97875
ayam geprek,makanan,135367
bimbingan belajar,pendidikan,385026
bayar listrik pln,tagihan,375029
bayar bpjs kesehatan,kesehatan,360937
bayar denda,lainnya,85525
langganan ruangguru,pendidikan,290026
beli sepatu sneakers,belanja,87068
bimbingan belajar,pendidikan,317960
service mobil,transportasi,239972
bayar hosting web,tagihan,255320
cilok,makanan,109286
naik becak,transportasi,219115
bayar wifi indihome,tagihan,74724
biaya tukang,lainnya,69239
beli rak sepatu,belanja,264768
naik gojek,transportasi,191030
beli obat anak,kesehatan,136414
shopeefood,makanan,330405
senam terapi,kesehatan,300559
bayar akulaku,tagihan,450819
bayar kost bulanan,tagihan,244493
beli samsung,belanja,363159
staycation hotel,hiburan,425005
kasih hadiah,sosial,289186
makan seafood,makanan,260155
tiket kapal laut,transportasi,478330
beli pulpen,lainnya,339595
beli wajan,belanja,97085
isi bensin pertalite,transportasi,330758
kursus bahasa inggris,pendidikan,50768
bayar air,tagihan,362140
jajanan pasar,makanan,135825
beli charger hp,belanja,126733
beli earphone,belanja,370690
bootcamp programming,pendidikan,335669
bayar token,tagihan,120890
beli parfum,belanja,460973
beli skincare korea,belanja,363822
servis rem mobil,transportasi,163116
beli alat tulis,belanja,194676
bayar denda,lainnya,185372
beli air fryer,belanja,211870
spp sekolah,pendidikan,390285
traktir teman makan,sosial,240789
top up mobile legends,hiburan,293356
sedekah jumat,sosial,228540
laundry,lainnya,374463
bayar hosting web,tagihan,462607
bayar indihome,tagihan,208643
jalan jalan,hiburan,53983
beli lauk,makanan,478918
donasi masjid,sosial,387708
bayar wifi,tagihan,286678
bayar parkir,transportasi,17805
biaya sertifikasi,pendidikan,244080
les privat matematika,pendidikan,13769
kado ulang tahun teman,sosial,130080
nongkrong di kafe bareng teman,sosial,294979
main ke bioskop,hiburan,266493
main arcade,hiburan,491185
tiket lion air,transportasi,137262
rawat jalan,kesehatan,346267
beli kemeja kerja,belanja,383768
senam terapi,kesehatan,188173
senam terapi,kesehatan,194812
liburan keluarga,hiburan,223401
makan malam bersama teman,sosial,142460
langganan youtube premium family,hiburan,307394
bantu keluarga,sosial,9869
kursus data science,pendidikan,329943
bayar denda,lainnya,418521
naik ojek pangkalan,transportasi,306817
ayam rica rica,makanan,170767
belanja di shopee,belanja,448182
ikut workshop,pendidikan,316332
fotocopy ktp,lainnya,499026
top up free fire,hiburan,154455
warteg,makanan,427075
bayar cicilan mobil,tagihan,366910
langganan udemy,pendidikan,203843
gado gado,makanan,86499
biaya sekolah,pendidikan,421775
cetak foto,lainnya,184205
potong rambut,lainnya,466444
biaya transfer antar bank,lainnya,15448
beli parfum lokal,belanja,127590
les privat matematika,pendidikan,212456
indomie goreng,makanan,396650
isi bensin pertamax,transportasi,33587
biaya tukang,lainnya,76539
bayar listrik pln,tagihan,185572
les privat matematika,pendidikan,119672
jalan jalan,hiburan,270985
pijat refleksi,kesehatan,15934
langganan udemy,pendidikan,359961
main ke bioskop,hiburan,69236
bayar microsoft 365,tagihan,186487
beli sandal,belanja,344586
laundry,lainnya,127034
gorengan,makanan,435197
bayar denda,lainnya,447378
beli sandal,belanja,442095
nonton konser,hiburan,339240
bayar bpjs kesehatan,tagihan,240162
ukt kuliah,pendidikan,60863
biaya kuliah,pendidikan,163957
biaya transfer antar bank,lainnya,315650
ganti oli motor,transportasi,176361
spooring balancing,transportasi,495011
ayam bakar,makanan,85132
naik kapal ferry,transportasi,466429
langganan udemy,pendidikan,172320
bayar hosting web,tagihan,277279
tiket bioskop xxi,hiburan,425090
tiket dufan,hiburan,118065
tiket konser musik,hiburan,433187
beli rak sepatu,belanja,164431
isi bensin pertashop,transportasi,427328
bayar internet,tagihan,258849
nongkrong di kafe bareng teman,sosial,273070
biaya notaris,lainnya,229188
naik krl,transportasi,203759
tiket konser musik,hiburan,78860
bayar wifi biznet,tagihan,126750
lontong sayur,makanan,443319
mie sedaap,makanan,39701
naik kapal ferry,transportasi,254609
lontong sayur,makanan,387272
top up higgs domino,hiburan,154384
bayar kartu kredit bca,tagihan,352197
cek mata,kesehatan,59264
roti canai,makanan,94725
healing ke pantai,hiburan,369942
bimbingan belajar,pendidikan,267069
medical check up,kesehatan,72730
kelas online,pendidikan,297998
ongkos tambahan,lainnya,313779
beli buah apel,makanan,321526
beli ibuprofen,kesehatan,120615
kelas online,pendidikan,494634
iuran warga,sosial,410071
beli hampers,sosial,366304
kursus excel,pendidikan,256092
servis rem mobil,transportasi,469238
top up free fire,hiburan,411937
main ke bioskop,hiburan,405076
les privat matematika,pendidikan,450214
kursus mengaji,pendidikan,281907
nongkrong di kafe bareng teman,sosial,235199
patungan gathering,sosial,300597
periksa ke dokter umum,kesehatan,301915
bayar bpjs kesehatan,tagihan,267184
warung nasi,makanan,179879
bayar hosting web,tagihan,144214
bayar parkir,transportasi,83222
kontrol dokter,kesehatan,40197
beli rak sepatu,belanja,162006
cicilan mobil,tagihan,402034
biaya admin bank,lainnya,135831
isi angin ban,transportasi,407909
biaya tukang,lainnya,208623
bayar akulaku,tagihan,148370
kelas online,pendidikan,30435
tiket bioskop xxi,hiburan,183358
beli vitamin d,kesehatan,404824
langganan ruangguru,pendidikan,487632
laundry,lainnya,268398
tes urine,kesehatan,283164
beli buku tulis,lainnya,410991
kondangan nikahan teman,sosial,301821
beli obat anak,kesehatan,197707
langganan youtube premium family,hiburan,294041
bayar pajak kendaraan,transportasi,198472
top up free fire,hiburan,444970
langganan spotify premium,hiburan,212856
kondangan nikahan teman,sosial,272819
bayar paylater,tagihan,334913
laundry express,lainnya,141402
cicilan motor,tagihan,193508
cek mata,kesehatan,27907
bayar kost bulanan,tagihan,223370
kado ulang tahun teman,sosial,411654
kopi susu,makanan,378790
biaya tukang,lainnya,163211
bayar potong rambut,lainnya,198672
beli parfum lokal,belanja,426478
bayar derek,transportasi,408594
biaya admin bank,lainnya,76361
tiket konser musik,hiburan,68628
tebus resep,kesehatan,313728
tiket lion air,transportasi,97346
ukt kuliah,pendidikan,273863
bayar tol,transportasi,434089
kursus ai,pendidikan,211011
indomie goreng,makanan,28271
kasih uang ke orang tua,sosial,342966
beli piring,belanja,127453
beli air fryer,belanja,189717
beli sepatu sneakers,belanja,324549
bayar akulaku,tagihan,290446
top up higgs domino,hiburan,154724
lontong sayur,makanan,373857
staycation hotel,hiburan,144838
beli earphone,belanja,488324
isi bensin pertamax,transportasi,188480
beli susu lansia,kesehatan,468303
warung nasi,makanan,361664
nonton konser,hiburan,304064
beli payung,belanja,122864
shopeefood,makanan,17995
patungan makan,sosial,374126
indomie goreng,makanan,98620
beli iphone,belanja,160122
pijat refleksi,kesehatan,319218
tiket lion air,transportasi,287182
naik becak,transportasi,481067
fotocopy,lainnya,456238
kontrol dokter,kesehatan,122568
kado ulang tahun teman,sosial,492290
biaya tak terduga,lainnya,248824
beli wajan,belanja,337810
les privat matematika,pendidikan,51986
ongkir shopee,lainnya,263516
sewa bus pariwisata,transportasi,398812
bayar denda,lainnya,282574
biaya admin bank,lainnya,236586
terapi pijat,kesehatan,476401
ayam rica rica,makanan,188321
beli vitamin d,kesehatan,283189
bayar bpjs kesehatan,kesehatan,13273
healing ke pantai,hiburan,109951
liburan keluarga,hiburan,390449
soto ayam,makanan,371026
belanja di shopee,belanja,42318
beli mesin kopi,belanja,456158
biaya notaris,lainnya,172183
kondangan nikahan teman,sosial,135902
beli laptop pelajar,pendidikan,350654
staycation hotel,hiburan,482475
beli paket data,tagihan,450299
kursus excel,pendidikan,135144
bayar potong rambut,lainnya,191019
nongkrong di kafe bareng teman,sosial,216209
biaya operasi,kesehatan,439876
bayar kartu kredit bca,tagihan,307763
potong rambut,lainnya,445325
beli kaos polos,belanja,111723
beli laptop,belanja,265920
main ke bioskop,hiburan,327619
cicilan motor,tagihan,109572
biaya laundry kiloan,lainnya,99275
belanja di alfamart,makanan,442122
beli earphone,belanja,143750
iuran keamanan,sosial,64355
beli manga,hiburan,377003
sewa motor harian,transportasi,365110
kursus excel,pendidikan,293410
langganan ruangguru,pendidikan,149683
bayar internet,tagihan,392616
liburan ke bali,hiburan,196856
bayar indihome,tagihan,157280
naik grab,transportasi,357738
beli susu lansia,kesehatan,175070
iuran keamanan,sosial,29079
beli sabun mandi,belanja,307119
sedekah jumat,sosial,403711
uang semester,pendidikan,384744
bayar hosting web,tagihan,94397
beli hampers,sosial,40406
bayar kost bulanan,tagihan,84393
bayar indihome,tagihan,109363
rawat jalan,kesehatan,223991
beli manga,hiburan,418411
jajanan pasar,makanan,456841
gofood,makanan,144042
les privat bahasa inggris,pendidikan,125463
laundry express,lainnya,394925
uang amplop nikahan,sosial,299430
kondangan nikahan teman,sosial,306363
beli vitamin ibu hamil,kesehatan,145219
beli sabun mandi,belanja,174488
ayam bakar,makanan,134973
naik becak,transportasi,336843
langganan udemy,pendidikan,49928
laundry express,lainnya,377018
bayar karaoke,hiburan,265765
kasih hadiah,sosial,450700
beli tiket kai,transportasi,231124
beli samsung,belanja,25898
service mobil,transportasi,240966
top up free fire,hiburan,230930
biaya transfer antar bank,lainnya,320444
bayar potong rambut,lainnya,200160
makan all you can eat,makanan,415707
beli tiket pesawat,transportasi,384679
naik ojek pangkalan,transportasi,472442
beli laptop pelajar,pendidikan,77969
main ke bioskop,hiburan,369584
beli obat demam,kesehatan,336992
siomay,makanan,34971
top up steam wallet,hiburan,290985
patungan gathering,sosial,156693
les calistung,pendidikan,54997
senam terapi,kesehatan,166996
bayar microsoft 365,tagihan,341232
biaya operasi,kesehatan,215126
pijat refleksi,kesehatan,284226
ongkos tambahan,lainnya,340073
naik ojek pangkalan,transportasi,183903
tebus resep,kesehatan,237888
bantu keluarga,sosial,5354
beli payung,belanja,12169
laundry,lainnya,312295
bayar akulaku,tagihan,406337
beli parfum lokal,belanja,455542
biaya notaris,lainnya,37332
cicilan motor,tagihan,456037
bootcamp ui ux,pendidikan,302111
indomie goreng,makanan,281653
bimbel online,pendidikan,396579
warung makan,makanan,351047
bantu keluarga,sosial,9178
kondangan nikahan teman,sosial,416487
biaya kuliah,pendidikan,344722
beli pulpen,lainnya,388963
beli parfum lokal,belanja,397697
tebus resep,kesehatan,221957
langganan spotify premium,hiburan,170463
bootcamp ui ux,pendidikan,191547
rental mobil,transportasi,248557
print dokumen,lainnya,401984
bayar pajak kendaraan,transportasi,403567
donasi,sosial,244888
bayar internet,tagihan,271926
bayar karaoke,hiburan,448512
biaya tak terduga,lainnya,95638
kopi keliling,makanan,380490
beli buku pelajaran,pendidikan,409929
kursus bahasa inggris,pendidikan,392792
es teh,makanan,492018
batagor,makanan,151068
naik krl,transportasi,498388
bayar wifi,tagihan,211021
traktir teman makan,sosial,418815
bayar indihome,tagihan,255323
makan malam bersama teman,sosial,324983
warteg,makanan,455150
sedekah jumat,sosial,93278
beli buah apel,makanan,115140
servis rem mobil,transportasi,456118
main ke bioskop,hiburan,320947
beli power bank,belanja,294402
bayar bpjs kesehatan,kesehatan,87527
cicilan mobil,tagihan,434068
beli iphone,belanja,487970
langganan youtube premium family,hiburan,88541
bantu keluarga,sosial,126559
beli vitamin d,kesehatan,185969
es kopi susu gula aren,makanan,272075
bayar internet,tagihan,473258
periksa ke dokter umum,kesehatan,128872
beli manga,hiburan,295466
bayar bpjs kesehatan,tagihan,200663
isi bensin pertalite,transportasi,208873
les privat matematika,pendidikan,258111
top up steam wallet,hiburan,431496
langganan udemy,pendidikan,93867
ayam rica rica,makanan,135970
es kopi susu gula aren,makanan,245570
les privat bahasa inggris,pendidikan,489525
bayar microsoft 365,tagihan,358107
top up steam wallet,hiburan,350365
beli sandal,belanja,463327
staycation hotel,hiburan,474198
senam terapi,kesehatan,294058
mie sedaap,makanan,152721
kado ulang tahun teman,sosial,424169
tes urine,kesehatan,82769
top up steam wallet,hiburan,378192
kontrol dokter,kesehatan,248245
bayar kartu kredit bca,tagihan,495642
pengeluaran tidak terduga,lainnya,119829
patungan gathering,sosial,176599
bayar karaoke,hiburan,173407
belanja tiktok shop,belanja,159722
beli token listrik,tagihan,161428
tiket kereta,transportasi,400968
bootcamp programming,pendidikan,172894
bayar bpjs kesehatan,tagihan,416987
cicilan mobil,tagihan,224802
ayam bakar,makanan,206953
sewa bus pariwisata,transportasi,393019
bayar hosting web,tagihan,21638
beli sabun mandi,belanja,182503
roti canai,makanan,271161
bayar internet,tagihan,357333
bayar karaoke,hiburan,213750
beli skincare,belanja,61804
beli parfum lokal,belanja,420442
fisioterapi,kesehatan,51205
kondangan nikahan teman,sosial,377975
servis rem mobil,transportasi,130998
tiket konser musik,hiburan,426888
beli manga,hiburan,72284
kursus coding,pendidikan,362413
belanja di shopee,belanja,47174
donasi masjid,sosial,17535
warung padang,makanan,311277
bayar bpjs kesehatan,tagihan,418118
bayar spp,pendidikan,262213
bayar karaoke,hiburan,428951
top up steam wallet,hiburan,430458
bayar paylater,tagihan,252675
iuran keamanan,sosial,6346
ongkir shopee,lainnya,83455
bantu keluarga,sosial,328675
naik grab,transportasi,398465
main ke bioskop,hiburan,222905
biaya operasi,kesehatan,315973
bayar token,tagihan,250377
bayar internet,tagihan,61256
uang amplop nikahan,sosial,410516
belanja di shopee,belanja,366429
beli merchandise konser,hiburan,256967
naik mrt,transportasi,12417
shopeefood,makanan,249855
kursus data science,pendidikan,212949
bayar derek,transportasi,88444
langganan youtube premium family,hiburan,363970
beli wajan,belanja,27883
beli obat demam,kesehatan,106661
main ke bioskop,hiburan,24390
pengeluaran tidak terduga,lainnya,133862
nasi padang,makanan,204191
kopi susu,makanan,104724
bayar akulaku,tagihan,307047
belanja di shopee,belanja,198245
beli game steam,hiburan,402851
tiket kereta,transportasi,248787
beli ibuprofen,kesehatan,213739
patungan gathering,sosial,78555
biaya aplikasi,lainnya,91506
beli buku sekolah,pendidikan,107523
sewa bus pariwisata,transportasi,441167
cetak foto,lainnya,50627
bayar hosting web,tagihan,402069
ongkir shopee,lainnya,110863
beli laptop,belanja,358526
bayar gym membership,hiburan,456666
bayar cicilan mobil,tagihan,464411
naik becak,transportasi,449604
bayar tol,transportasi,243769
tiket kereta,transportasi,67681
iuran warga,sosial,281674
bayar wifi,tagihan,245996
beli obat anak,kesehatan,442843
fotocopy,lainnya,135625
biaya kuliah,pendidikan,301671
naik becak,transportasi,108303
grabfood,makanan,361263
beli sandal,belanja,246931
bayar tol,transportasi,353251
beli sampo,belanja,235242
iuran warga,sosial,176593
vaksin influenza,kesehatan,104514
kasih hadiah,sosial,383762
patungan gathering,sosial,66314
nongkrong di kafe bareng teman,sosial,135110
bayar hosting web,tagihan,102680
kursus ai,pendidikan,91168
beli vitamin d,kesehatan,188560
ikut workshop,pendidikan,261018
naik kapal ferry,transportasi,233619
cicilan motor,tagihan,495226
tes urine,kesehatan,16197
tes antigen,kesehatan,247086
beli token listrik,tagihan,198125
bayar wifi indihome,tagihan,282868
beli lauk,makanan,290706
beli sepatu sneakers,belanja,338134
bayar bpjs kesehatan,kesehatan,406686
beli rak sepatu,belanja,159785
beli pulsa telkomsel,tagihan,97009
beli tiket pesawat,transportasi,181368
kado ulang tahun teman,sosial,390870
bayar derek,transportasi,406392
bayar air,tagihan,327792
bayar derek,transportasi,162455
kado ulang tahun teman,sosial,142548
biaya kuliah,pendidikan,235803
bayar bpjs kesehatan,kesehatan,306863
makan malam bersama teman,sosial,376143
rawat jalan,kesehatan,432314
cicilan motor,tagihan,475308
tiket kapal laut,transportasi,456671
langganan netflix,hiburan,209710
bootcamp ui ux,pendidikan,162273
beli vitamin c,kesehatan,212495
terapi pijat,kesehatan,329075
kado ulang tahun teman,sosial,314106
beli kemeja kerja,belanja,143652
patungan makan,sosial,209855
beli earphone,belanja,74289
thai tea,makanan,458302
cek mata,kesehatan,362110
iuran warga,sosial,455552
naik gojek,transportasi,118447
bayar derek,transportasi,443162
es kopi susu gula aren,makanan,282317
naik ojek pangkalan,transportasi,365512
donasi masjid,sosial,486699
beli hampers,sosial,358433
nasi padang,makanan,119629
les privat bahasa inggris,pendidikan,463028
les calistung,pendidikan,346330
terapi pijat,kesehatan,372934
tiket kereta,transportasi,215973
bayar bpjs kesehatan,kesehatan,438805
bayar internet,tagihan,120788
tiket kapal laut,transportasi,497968
parkir motor,transportasi,445667
medical check up,kesehatan,45044
siomay,makanan,261170
terapi pijat,kesehatan,304712
bayar bpjs kesehatan,tagihan,436677
lontong sayur,makanan,400976
belanja di tokopedia,belanja,68662
kursus data science,pendidikan,393746
ongkir shopee,lainnya,87367
biaya tak terduga,lainnya,485856
kursus coding,pendidikan,61107
soto ayam,makanan,287789
beli obat demam,kesehatan,43897
tiket dufan,hiburan,346379
bakso solo,makanan,72314
ukt kuliah,pendidikan,404164
uang amplop nikahan,sosial,312759
biaya tukang,lainnya,36224
biaya tak terduga,lainnya,410815
beli sandal,belanja,280749
medical check up,kesehatan,400541
donasi masjid,sosial,111073
ongkir shopee,lainnya,420153
bayar wifi biznet,tagihan,261286
ongkir shopee,lainnya,63992
beli paracetamol,kesehatan,192822
beli game steam,hiburan,38082
beli manga,hiburan,214042
beli kemeja kerja,belanja,349803
service ac,lainnya,484188
bayar internet,tagihan,487618
rental mobil,transportasi,204427
beli dispenser,belanja,385947
nongkrong di kafe bareng teman,sosial,199953
uang amplop nikahan,sosial,41137
beli buku pelajaran,pendidikan,172200
sedekah,sosial,266925
beli manga,hiburan,200042
beli rak sepatu,belanja,136123
kasih hadiah,sosial,136276
tiket konser musik,hiburan,19778
les privat bahasa inggris,pendidikan,419565
traktir teman makan,sosial,233056
cetak foto,lainnya,108678
beli lauk,makanan,61673
seblak,makanan,214400
healing ke pantai,hiburan,248501
tiket kereta,transportasi,473203
ganti oli gardan,transportasi,300090
iuran keamanan,sosial,103905
bayar cicilan mobil,tagihan,343636
naik krl,transportasi,327915
bayar cicilan motor,tagihan,381752
kursus excel,pendidikan,176115
laundry express,lainnya,168026
biaya notaris,lainnya,205539
langganan udemy,pendidikan,231412
beli merchandise konser,hiburan,313169
indomie goreng,makanan,212505
belanja di tokopedia,belanja,374742
bayar tol,transportasi,131540
ikut workshop,pendidikan,300441
traktir teman makan,sosial,150397
tiket kapal laut,transportasi,472675
spp sekolah,pendidikan,173120
biaya laundry kiloan,lainnya,451946
rawat inap rs,kesehatan,271594
naik ojek pangkalan,transportasi,150391
nasi padang,makanan,224794
beli obat di apotek,kesehatan,163030
naik grab,transportasi,411686
ganti oli gardan,transportasi,140451
bayar cicilan motor,tagihan,177818
bayar parkir,transportasi,331241
es kopi susu gula aren,makanan,162284
tiket lion air,transportasi,436138
laundry,lainnya,124282
beli kemeja kerja,belanja,476286
bayar cicilan mobil,tagihan,302680
beli game steam,hiburan,332691
biaya admin bank,lainnya,341935
gado gado,makanan,456296
patungan gathering,sosial,486654
beli buku pelajaran,pendidikan,262217
mie sedaap,makanan,86516
pijat refleksi,kesehatan,247594
bayar karaoke,hiburan,230044
bayar kredivo,tagihan,298856
fotocopy ktp,lainnya,360039
beli vitamin d,kesehatan,168865
beli charger hp,belanja,208762
bayar kost bulanan,tagihan,185632
kelas online,pendidikan,85815
beli rak sepatu,belanja,288216
beli merchandise konser,hiburan,96797
patungan gathering,sosial,88349
biaya praktikum kampus,pendidikan,84183
medical check up,kesehatan,383107
service ac,lainnya,407046
bayar parkir,transportasi,253282
beli paket data,tagihan,383221
jajanan pasar,makanan,226333
bayar potong rambut,lainnya,434080
beli susu lansia,kesehatan,230787
biaya operasi,kesehatan,116204
nonton konser,hiburan,49886
beli buku sekolah,pendidikan,76368
bayar potong rambut,lainnya,453057
sewa motor harian,transportasi,238787
bayar token,tagihan,110988
bayar akulaku,tagihan,312668
beli kemeja kerja,belanja,153289
biaya tak terduga,lainnya,147583
beli kemeja kerja,belanja,335313
kondangan nikahan teman,sosial,286222
tiket kapal laut,transportasi,391420
nasi goreng,makanan,9883
ikut workshop,pendidikan,273666
bayar denda,lainnya,487782
bayar token,tagihan,284099
beli parfum lokal,belanja,394619
kasih uang ke orang tua,sosial,317925
ukt kuliah,pendidikan,64710
top up higgs domino,hiburan,85445
beli game steam,hiburan,40249
cilok,makanan,40631
top up free fire,hiburan,276634
isi saldo e-toll,transportasi,422452
beli obat di apotek,kesehatan,312433
kopi susu,makanan,433126
beli vitamin d,kesehatan,220382
biaya laundry kiloan,lainnya,205810
beli token listrik,tagihan,131178
bayar pajak kendaraan,transportasi,154075
tes antigen,kesehatan,319787
bayar tol,transportasi,135123
healing ke pantai,hiburan,27824
ongkir shopee,lainnya,393468
bayar cicilan motor,tagihan,206103
belanja di shopee,belanja,221660
bayar kartu kredit bca,tagihan,154192
beli piring,belanja,448413
service mobil,transportasi,15162
kursus mengaji,pendidikan,265716
nonton konser,hiburan,240889
biaya kuliah,pendidikan,230766
beli buku tulis,lainnya,60395
kondangan nikahan teman,sosial,372749
biaya notaris,lainnya,30243
beli buah apel,makanan,386967
isi bensin pertashop,transportasi,317542
bayar wifi indihome,tagihan,392284
print dokumen,lainnya,496094
cetak foto,lainnya,341522
beli laptop pelajar,pendidikan,316325
naik becak,transportasi,423456
bayar tol,transportasi,159264
bayar bpjs kesehatan,kesehatan,67906
bayar microsoft 365,tagihan,83087
bayar denda,lainnya,221002
rawat jalan,kesehatan,371204
biaya praktikum kampus,pendidikan,226840
beli laptop pelajar,pendidikan,81511
beli manga,hiburan,30510
bayar indihome,tagihan,149519
kado ulang tahun teman,sosial,269989
bayar kartu kredit bca,tagihan,50475
rental mobil,transportasi,317890
bayar air,tagihan,249001
bayar cicilan motor,tagihan,76970
potong rambut,lainnya,192845
isi angin ban,transportasi,11430
tiket lion air,transportasi,469590
belanja di indomaret,makanan,87920
uang amplop nikahan,sosial,159949
main ke bioskop,hiburan,247053
medical check up,kesehatan,99815
medical check up,kesehatan,117298
belanja di tokopedia,belanja,493978
kondangan nikahan teman,sosial,341370
isi bensin pertamax,transportasi,133368
beli manga,hiburan,131124
bayar arisan,sosial,102720
cetak foto,lainnya,159428
rawat jalan,kesehatan,95470
beli game steam,hiburan,403807
jalan jalan,hiburan,253197
bayar potong rambut,lainnya,189146
service ac,lainnya,172519
donasi,sosial,254984
isi bensin pertamax,transportasi,400435
beli vitamin c,kesehatan,440063
bayar token,tagihan,78285
martabak manis,makanan,46833
rawat inap rs,kesehatan,168852
laundry,lainnya,79502
beli buku pelajaran,pendidikan,423216
biaya sekolah,pendidikan,85856
ayam geprek,makanan,204295
bayar karaoke,hiburan,242787
shopeefood,makanan,259615
beli mesin kopi,belanja,346845
beli pulpen,lainnya,320825
bayar akulaku,tagihan,329920
beli sabun mandi,belanja,267391
bayar wifi indihome,tagihan,184477
service mobil,transportasi,43840
bayar listrik pln,tagihan,299852
kursus mengaji,pendidikan,430877
belanja di tokopedia,belanja,327779
bayar listrik pln,tagihan,57532
beli iphone,belanja,362459
lontong sayur,makanan,240202
bayar karaoke,hiburan,68883
top up steam wallet,hiburan,21326
biaya kuliah,pendidikan,243725
ketoprak,makanan,464469
beli parfum,belanja,426649
beli buku sekolah,pendidikan,321104
print dokumen,lainnya,166665
tes antigen,kesehatan,360581
patungan makan,sosial,433400
beli pulsa telkomsel,tagihan,366884
nonton konser,hiburan,448296
pijat refleksi,kesehatan,376981
roti canai,makanan,365795
fotocopy ktp,lainnya,95282
tiket kapal laut,transportasi,315627
beli samsung,belanja,368176
bayar cicilan mobil,tagihan,173384
beli pulsa telkomsel,tagihan,496473
bayar cicilan mobil,tagihan,464665
langganan spotify premium,hiburan,87879
fotocopy ktp,lainnya,275149
sedekah jumat,sosial,308003
belanja di shopee,belanja,92223
pengeluaran tidak terduga,lainnya,417610
top up mobile legends,hiburan,136389
ongkos tambahan,lainnya,164496
bayar bpjs kesehatan,kesehatan,121167
iuran warga,sosial,418298
camping di gunung,hiburan,436666
beli merchandise konser,hiburan,419962
langganan spotify family,hiburan,102542
healing ke pantai,hiburan,276447
bayar pdam,tagihan,346992
periksa ke dokter umum,kesehatan,316972
beli vitamin d,kesehatan,452108
donasi,sosial,282775
naik kapal ferry,transportasi,85113
sewa bus pariwisata,transportasi,164297
biaya operasi,kesehatan,61603
beli charger hp,belanja,206109
sewa elf,transportasi,211580
warteg,makanan,61834
ikan bakar,makanan,132400
kasih uang ke orang tua,sosial,187754
cicilan motor,tagihan,356976
beli vitamin c,kesehatan,167310
mie sedaap,makanan,133393
isi angin ban,transportasi,255467
kursus ai,pendidikan,230682
naik mrt,transportasi,275245
beli game steam,hiburan,28244
beli vitamin d,kesehatan,351584
rendang,makanan,467115
isi bensin pertashop,transportasi,432298
thai tea,makanan,144883
beli mesin kopi,belanja,85725
biaya tukang,lainnya,427686
makan seafood,makanan,229231
nongkrong di kafe bareng teman,sosial,281974
bayar tol,transportasi,315429
top up mobile legends,hiburan,242000
top up higgs domino,hiburan,468599
cicilan motor,tagihan,225390
bayar gym membership,hiburan,345556
cicilan motor,tagihan,426345
biaya tukang,lainnya,482523
beli buah jeruk,makanan,310402
naik mrt,transportasi,400037
beli buku sekolah,pendidikan,416271
beli vitamin ibu hamil,kesehatan,409277
les calistung,pendidikan,169880
isi bensin pertashop,transportasi,169582
beli wajan,belanja,497334
kontrol dokter,kesehatan,267860
fotocopy ktp,lainnya,84235
belanja di alfamart,makanan,313944
bimbingan belajar,pendidikan,240440
beli payung,belanja,258934
kasih hadiah,sosial,315216
rawat inap rs,kesehatan,55627
iuran keamanan,sosial,323204
donasi masjid,sosial,92022
tiket lion air,transportasi,119735
bayar listrik pln,tagihan,9858
warung padang,makanan,308657
beli ibuprofen,kesehatan,312476
laundry,lainnya,19788
tes urine,kesehatan,429171
top up higgs domino,hiburan,182009
beli manga,hiburan,213684
rawat jalan,kesehatan,458115
pempek,makanan,87540
belanja tiktok shop,belanja,108714
bayar internet,tagihan,200887
fisioterapi,kesehatan,14558
bayar token,tagihan,236651
les calistung,pendidikan,367958
beli parfum lokal,belanja,127381
bayar air,tagihan,316397
tes antigen,kesehatan,189363
beli obat demam,kesehatan,64584
ganti oli gardan,transportasi,248606
bayar akulaku,tagihan,361906
bayar spp,pendidikan,341432
ganti oli motor,transportasi,160898
beli parfum,belanja,460921
beli vacuum cleaner,belanja,350600
beli samsung,belanja,424070
biaya kuliah,pendidikan,206245
boba,makanan,40337
beli dispenser,belanja,437139
rental mobil,transportasi,253085
bayar pdam,tagihan,362947
pengeluaran tidak terduga,lainnya,26144
rawat jalan,kesehatan,170747
patungan makan,sosial,197708
potong rambut,lainnya,135994
beli vacuum cleaner,belanja,419190
vaksin influenza,kesehatan,118020
uang semester,pendidikan,80597
bayar indihome,tagihan,55688
bayar microsoft 365,tagihan,281914
biaya transfer antar bank,lainnya,349386
uang amplop nikahan,sosial,189305
cek mata,kesehatan,336027
sewa bus pariwisata,transportasi,397128
main ke bioskop,hiburan,479641
bayar hosting web,tagihan,117190
biaya laundry kiloan,lainnya,216274
donasi masjid,sosial,212399
senam terapi,kesehatan,308808
bayar wifi,tagihan,494644
naik becak,transportasi,49457
bayar wifi biznet,tagihan,286364
bayar bpjs kesehatan,tagihan,169496
nongkrong di kafe bareng teman,sosial,167480
tiket dufan,hiburan,386423
jalan jalan,hiburan,66740
kondangan nikahan teman,sosial,134911
beli dispenser,belanja,265428
beli vitamin c,kesehatan,456993
gofood,makanan,462266
spp sekolah,pendidikan,221955
beli mesin kopi,belanja,339783
mie ayam,makanan,201038
donasi masjid,sosial,368872
beli buah jeruk,makanan,465703
bayar paylater,tagihan,179609
biaya tukang,lainnya,146253
bayar kredivo,tagihan,67197
bayar wifi indihome,tagihan,147151
traktir teman makan,sosial,403461
potong rambut,lainnya,201790
biaya sekolah,pendidikan,134284
beli buku tulis,lainnya,23166
tiket bioskop xxi,hiburan,337952
beli pulsa telkomsel,tagihan,40279
beli parfum,belanja,494815
beli buah jeruk,makanan,119987
kondangan nikahan teman,sosial,150473
ongkos tambahan,lainnya,332727
isi angin ban,transportasi,363748
bayar spp,pendidikan,186329
bayar akulaku,tagihan,305352
ongkir shopee,lainnya,143483
beli susu lansia,kesehatan,364354
kasih uang ke orang tua,sosial,369224
bayar cicilan mobil,tagihan,219364
kursus excel,pendidikan,392839
bootcamp programming,pendidikan,104867
tiket lion air,transportasi,209198
beli payung,belanja,204234
bayar wifi indihome,tagihan,369994
bimbel online,pendidikan,234725
bayar cicilan motor,tagihan,396820
ayam geprek,makanan,461402
camping di gunung,hiburan,148946
donasi,sosial,432407
checkout shopee,belanja,235847
beli iphone,belanja,193197
service ac,lainnya,302612
bayar token,tagihan,334790
kondangan nikahan teman,sosial,255452
bayar hosting web,tagihan,85313
bimbel online,pendidikan,360016
ayam geprek,makanan,55819
iuran keamanan,sosial,476940
bayar kost bulanan,tagihan,373019
beli pulsa telkomsel,tagihan,14928
donasi masjid,sosial,201698
beli sepatu sneakers,belanja,122807
checkout tokopedia,belanja,155048
tiket bioskop xxi,hiburan,420270
les calistung,pendidikan,367654
beli paket data,tagihan,361695
biaya notaris,lainnya,373054
beli mesin kopi,belanja,257968
kasih hadiah,sosial,245364
vaksin influenza,kesehatan,455052
cek mata,kesehatan,53063
isi bensin pertalite,transportasi,134647
bayar indihome,tagihan,386607
patungan makan,sosial,74197
liburan keluarga,hiburan,26597
warung nasi,makanan,53896
checkout shopee,belanja,411608
bootcamp ui ux,pendidikan,204145
beli manga,hiburan,234088
indomie goreng,makanan,428167
langganan udemy,pendidikan,491997
biaya sekolah,pendidikan,433078
fotocopy,lainnya,459656
periksa ke dokter umum,kesehatan,349318
fisioterapi,kesehatan,166934
senam terapi,kesehatan,273617
beli buku pelajaran,pendidikan,301223
biaya sekolah,pendidikan,285881
bayar arisan,sosial,431633
bayar karaoke,hiburan,451358
roti canai,makanan,442314
top up higgs domino,hiburan,80323
bayar potong rambut,lainnya,348297
kursus mengaji,pendidikan,132266
ukt kuliah,pendidikan,36693
tiket konser musik,hiburan,458670
beli sampo,belanja,22112
periksa ke dokter umum,kesehatan,37439
ayam rica rica,makanan,286137
tiket kereta,transportasi,404103
bayar bpjs kesehatan,tagihan,434065
biaya transfer antar bank,lainnya,144736
tiket lion air,transportasi,194890
healing ke pantai,hiburan,317863
liburan ke bali,hiburan,432507
kado ulang tahun teman,sosial,187412
main arcade,hiburan,339338
langganan youtube premium family,hiburan,344162
pecel lele,makanan,136659
naik kapal ferry,transportasi,102071
tiket kereta,transportasi,151621
biaya praktikum kampus,pendidikan,384670
tiket konser musik,hiburan,207462
beli ibuprofen,kesehatan,134889
beli charger hp,belanja,239119
beli piring,belanja,207416
traktir teman makan,sosial,488013
siomay,makanan,215325
beli sandal,belanja,250732
periksa ke dokter umum,kesehatan,45456
beli laptop pelajar,pendidikan,147131
ganti oli motor,transportasi,481317
tiket dufan,hiburan,24199
beli game steam,hiburan,129117
iuran keamanan,sosial,358016
beli vitamin d,kesehatan,241981
print dokumen,lainnya,448799
langganan spotify family,hiburan,324228
beli vitamin d,kesehatan,449613
top up mobile legends,hiburan,185775
biaya aplikasi,lainnya,260433
bayar potong rambut,lainnya,304772
les privat bahasa inggris,pendidikan,145751
service ac,lainnya,43027
medical check up,kesehatan,195787
bayar arisan,sosial,295934
beli samsung,belanja,271464
les privat bahasa inggris,pendidikan,56215
beli susu lansia,kesehatan,283125
belanja tiktok shop,belanja,244561
sedekah jumat,sosial,103020
beli pulsa telkomsel,tagihan,178152
isi bensin pertashop,transportasi,355323
cilok,makanan,250392
beli hampers,sosial,302701
beli merchandise konser,hiburan,179024
senam terapi,kesehatan,295564
nonton konser,hiburan,276245
service ac,lainnya,122040
bayar bpjs kesehatan,kesehatan,458114
beli buah apel,makanan,227077
beli kaos polos,belanja,175065
ganti oli gardan,transportasi,309079
seblak,makanan,226208
biaya operasi,kesehatan,278390
biaya sertifikasi,pendidikan,22733
belanja tiktok shop,belanja,430411
beli ibuprofen,kesehatan,417506
parkir motor,transportasi,168073
martabak manis,makanan,119137
gado gado,makanan,56332
bayar tol,transportasi,414591
isi bensin pertalite,transportasi,450422
bayar wifi,tagihan,400531
fisioterapi,kesehatan,486263
liburan ke bali,hiburan,394707
ukt kuliah,pendidikan,295570
beli vitamin c,kesehatan,250849
beli pulpen,lainnya,470531
beli merchandise konser,hiburan,291039
cicilan motor,tagihan,415467
potong rambut,lainnya,432968
beli laptop pelajar,pendidikan,415342
cicilan mobil,tagihan,463518
bayar kartu kredit bca,tagihan,129205
traktir teman makan,sosial,149102
biaya praktikum kampus,pendidikan,336823
laundry express,lainnya,459806
naik mrt,transportasi,155425
bayar derek,transportasi,203771
kursus mengaji,pendidikan,289235
bayar listrik pln,tagihan,481020
beli air fryer,belanja,236118
bayar arisan,sosial,200719
biaya tukang,lainnya,171753
top up steam wallet,hiburan,89917
langganan youtube premium family,hiburan,397448
top up higgs domino,hiburan,361724
biaya praktikum kampus,pendidikan,435389
jajanan pasar,makanan,468883
main ke bioskop,hiburan,249230
pengeluaran tidak terduga,lainnya,82305
langganan spotify premium,hiburan,152511
beli skincare,belanja,230803
bayar air,tagihan,21891
gado gado,makanan,120141
patungan makan,sosial,317984
bayar gym membership,hiburan,431512
kursus ai,pendidikan,337346
ikut workshop,pendidikan,495082
langganan netflix,hiburan,479930
nasi goreng,makanan,403774
laundry express,lainnya,389824
bayar bpjs kesehatan,kesehatan,356279
ganti oli gardan,transportasi,487144
les calistung,pendidikan,121011
tes urine,kesehatan,492107
biaya operasi,kesehatan,382270
top up mobile legends,hiburan,39470
ganti oli gardan,transportasi,329229
beli sandal,belanja,403652
warung nasi,makanan,402833
rawat inap rs,kesehatan,63138
top up mobile legends,hiburan,366031
donasi,sosial,264373
mie sedaap,makanan,189101
makan malam bersama teman,sosial,493844
ganti oli motor,transportasi,487104
top up steam wallet,hiburan,366635
bayar paylater,tagihan,46434
beli sandal,belanja,410037
gado gado,makanan,158709
beli game steam,hiburan,449947
beli skincare,belanja,179294
beli vitamin c,kesehatan,173879
ukt kuliah,pendidikan,92209
indomie goreng,makanan,74445
fisioterapi,kesehatan,463021
beli vitamin ibu hamil,kesehatan,496783
spooring balancing,transportasi,5212
beli tiket kai,transportasi,99079
top up steam wallet,hiburan,421125
bayar bpjs kesehatan,kesehatan,413482
bimbingan belajar,pendidikan,162424
isi bensin pertashop,transportasi,180735
shopeefood,makanan,104829
sedekah,sosial,275529
bayar denda,lainnya,403193
rawat jalan,kesehatan,332429
beli dispenser,belanja,461338
beli susu lansia,kesehatan,458767
tes antigen,kesehatan,65384
kasih uang ke orang tua,sosial,174274
warung padang,makanan,216089
bimbingan belajar,pendidikan,267559
beli buku sekolah,pendidikan,483544
vaksin influenza,kesehatan,305993
bayar arisan,sosial,178533
bantu keluarga,sosial,455868
belanja di indomaret,makanan,370214
sedekah,sosial,475437
bayar hosting web,tagihan,432687
bayar denda,lainnya,78737
jalan jalan,hiburan,130393
kursus online,pendidikan,9954
laundry,lainnya,210311
iuran keamanan,sosial,300326
bayar bpjs kesehatan,tagihan,201946
kasih uang ke orang tua,sosial,53772
belanja tiktok shop,belanja,372566
beli pulpen,lainnya,21295
beli obat demam,kesehatan,316251
biaya tak terduga,lainnya,296479
bayar akulaku,tagihan,386368
ganti oli gardan,transportasi,109401
kondangan nikahan teman,sosial,40867
bayar potong rambut,lainnya,471393
bayar cicilan mobil,tagihan,310377
naik grab,transportasi,445330
bootcamp ui ux,pendidikan,266777
kursus online,pendidikan,416239
belanja di alfamart,makanan,294239
beli paket data,tagihan,134767
kontrol dokter,kesehatan,240025
biaya tukang,lainnya,433545
isi saldo e-toll,transportasi,382358
jalan jalan,hiburan,60670
laundry,lainnya,360223
bayar wifi indihome,tagihan,264848
beli manga,hiburan,327359
cek mata,kesehatan,470615
main arcade,hiburan,172413
checkout shopee,belanja,89318
beli susu lansia,kesehatan,38322
ganti oli motor,transportasi,74908
naik kapal ferry,transportasi,499974
rawat inap rs,kesehatan,242841
beli sabun mandi,belanja,360343
beli susu lansia,kesehatan,392341
traktir teman makan,sosial,303883
bayar paylater,tagihan,38428
kasih hadiah,sosial,71548
uang semester,pendidikan,278208
beli parfum lokal,belanja,413059
top up higgs domino,hiburan,382819
beli charger hp,belanja,133029
camping di gunung,hiburan,320859
bayar wifi indihome,tagihan,315203
potong rambut,lainnya,383555
periksa ke dokter umum,kesehatan,405640
bootcamp programming,pendidikan,498185
vaksin influenza,kesehatan,373416
beli game steam,hiburan,171213
spp sekolah,pendidikan,145722
iuran keamanan,sosial,361506
beli buku tulis,lainnya,329138
beli buah jeruk,makanan,234690
beli wajan,belanja,312935
nongkrong di kafe bareng teman,sosial,388218
beli manga,hiburan,205725
biaya operasi,kesehatan,341959
naik kapal ferry,transportasi,206315
tebus resep,kesehatan,428216
beli merchandise konser,hiburan,357594
beli charger hp,belanja,491367
beli parfum lokal,belanja,444530
bayar potong rambut,lainnya,251910
kursus ai,pendidikan,457040
bayar kost bulanan,tagihan,283886
periksa ke dokter umum,kesehatan,296698
top up mobile legends,hiburan,201562
donasi,sosial,25880
bayar bpjs kesehatan,tagihan,282265
mie sedaap,makanan,355737
thai tea,makanan,198738
patungan gathering,sosial,182080
laundry express,lainnya,97042
laundry express,lainnya,141834
traktir teman makan,sosial,99028
nongkrong di kafe bareng teman,sosial,265124
batagor,makanan,58587
checkout shopee,belanja,222549
periksa ke dokter umum,kesehatan,179777
bayar pdam,tagihan,28744
belanja tiktok shop,belanja,324858
bayar wifi biznet,tagihan,35270
cilok,makanan,18912
biaya praktikum kampus,pendidikan,114916
beli pulpen,lainnya,338545
kursus coding,pendidikan,230957
main arcade,hiburan,265845
beli sepatu sneakers,belanja,451570
beli power bank,belanja,420565
kursus data science,pendidikan,256139
bayar cicilan mobil,tagihan,384207
boba,makanan,38568
belanja tiktok shop,belanja,147882
parkir motor,transportasi,327707
biaya sekolah,pendidikan,58598
bayar listrik pln,tagihan,439516
langganan youtube premium family,hiburan,179335
beli paket data,tagihan,75028
biaya laundry kiloan,lainnya,300827
shopeefood,makanan,120574
pijat refleksi,kesehatan,228490
beli buah apel,makanan,466826
kelas online,pendidikan,439143
bayar arisan,sosial,48343
tes antigen,kesehatan,447723
les privat matematika,pendidikan,113610
donasi masjid,sosial,485171
beli iphone,belanja,204767
beli token listrik,tagihan,142129
isi angin ban,transportasi,175401
bayar microsoft 365,tagihan,169465
isi bensin pertamax,transportasi,324622
ketoprak,makanan,134087
langganan spotify family,hiburan,13515
lontong sayur,makanan,178617
cek mata,kesehatan,43530
biaya aplikasi,lainnya,301511
uang amplop nikahan,sosial,48215
bayar potong rambut,lainnya,89360
tes antigen,kesehatan,45229
bayar spp,pendidikan,81505
tiket kapal laut,transportasi,285947
makan all you can eat,makanan,182892
isi bensin pertashop,transportasi,475711
periksa ke dokter umum,kesehatan,73153
kursus data science,pendidikan,477526
naik kapal ferry,transportasi,440458
spp sekolah,pendidikan,440831
bayar indihome,tagihan,91264
bootcamp programming,pendidikan,450352
kelas online,pendidikan,22250
bayar wifi biznet,tagihan,162176
bayar gym membership,hiburan,104527
tiket kapal laut,transportasi,258859
main ke bioskop,hiburan,127684
naik krl,transportasi,235619
bayar tol,transportasi,215086
bayar cicilan mobil,tagihan,197698
bayar denda,lainnya,24903
kursus mengaji,pendidikan,302158
bayar potong rambut,lainnya,265113
bayar akulaku,tagihan,181743
beli laptop,belanja,323276
biaya tukang,lainnya,112767
tes urine,kesehatan,326689
beli game steam,hiburan,292731
les calistung,pendidikan,232493
beli piring,belanja,431542
uang amplop nikahan,sosial,44232
lontong sayur,makanan,74369
nongkrong di kafe bareng teman,sosial,304649
biaya operasi,kesehatan,166700
naik grab,transportasi,148096
bayar paylater,tagihan,128890
bayar wifi indihome,tagihan,36591
beli skincare korea,belanja,227460
beli hampers,sosial,123589
belanja tiktok shop,belanja,143702
top up mobile legends,hiburan,386200
siomay,makanan,233796
tiket lion air,transportasi,178477
mie sedaap,makanan,407967
nongkrong di kafe bareng teman,sosial,422164
laundry,lainnya,310490
seblak,makanan,295414
langganan ruangguru,pendidikan,59155
makan malam bersama teman,sosial,391603
nongkrong di kafe bareng teman,sosial,307696
beli merchandise konser,hiburan,43883
patungan makan,sosial,473794
traktir teman makan,sosial,455200
biaya operasi,kesehatan,181561
beli payung,belanja,202766
top up steam wallet,hiburan,265153
donasi,sosial,112890
shopeefood,makanan,425602
biaya laundry kiloan,lainnya,123616
kado ulang tahun teman,sosial,456066
main arcade,hiburan,238366
makan malam bersama teman,sosial,133215
tebus resep,kesehatan,177259
biaya sertifikasi,pendidikan,431328
camping di gunung,hiburan,46380
donasi masjid,sosial,65810
ongkos tambahan,lainnya,152599
servis rem mobil,transportasi,223195
kursus online,pendidikan,35792
biaya aplikasi,lainnya,51812
bayar derek,transportasi,237035
naik becak,transportasi,117041
bimbel online,pendidikan,10530
biaya tukang,lainnya,487889
bayar wifi indihome,tagihan,492115
cek mata,kesehatan,24717
bayar spp,pendidikan,223931
bayar karaoke,hiburan,341544
sedekah,sosial,230040
bayar bpjs kesehatan,kesehatan,132700
beli sampo,belanja,192938
bootcamp programming,pendidikan,449485
naik gojek,transportasi,230385
donasi masjid,sosial,169890
top up higgs domino,hiburan,360513
naik becak,transportasi,498021
bayar listrik pln,tagihan,443411
bayar token,tagihan,488973
kasih uang ke orang tua,sosial,334154
makan seafood,makanan,345726
belanja di shopee,belanja,128791
grabfood,makanan,478139
bayar microsoft 365,tagihan,397028
gado gado,makanan,468541
kasih uang ke orang tua,sosial,399435
beli power bank,belanja,167922
rawat jalan,kesehatan,193048
biaya laundry kiloan,lainnya,238838
kopi keliling,makanan,58893
beli mesin kopi,belanja,91268
biaya transfer antar bank,lainnya,306828
batagor,makanan,42149
bayar paylater,tagihan,261378
naik gojek,transportasi,225434
beli power bank,belanja,311881
kondangan nikahan teman,sosial,169199
roti canai,makanan,63369
spooring balancing,transportasi,106773
gudeg jogja,makanan,129782
pecel lele,makanan,432831
naik ojek pangkalan,transportasi,378210
gado gado,makanan,161960
beli payung,belanja,404964
kasih hadiah,sosial,284068
beli buku tulis,lainnya,183655
sedekah,sosial,35359
langganan netflix,hiburan,47584
beli tiket pesawat,transportasi,292276
bayar spp,pendidikan,370304
top up free fire,hiburan,46979
kasih hadiah,sosial,456437
beli manga,hiburan,274997
bootcamp ui ux,pendidikan,378874
bayar denda,lainnya,454962
beli sabun mandi,belanja,435204
beli mesin kopi,belanja,257627
thai tea,makanan,216694
top up free fire,hiburan,31531
ganti oli motor,transportasi,183628
beli ibuprofen,kesehatan,256124
service mobil,transportasi,248727
bayar wifi indihome,tagihan,279893
kursus bahasa inggris,pendidikan,185862
gado gado,makanan,91574
beli kemeja kerja,belanja,405954
boba,makanan,78158
pecel lele,makanan,52662
bayar akulaku,tagihan,28192
servis rem mobil,transportasi,434549
tiket konser musik,hiburan,413166
lontong sayur,makanan,50580
top up mobile legends,hiburan,14963
terapi pijat,kesehatan,477137
tiket kapal laut,transportasi,105969
ayam geprek,makanan,394240
pijat refleksi,kesehatan,456812
sewa motor harian,transportasi,178429
indomie goreng,makanan,89715
checkout shopee,belanja,195151
bayar spp,pendidikan,79278
fisioterapi,kesehatan,167650
beli laptop,belanja,338771
nongkrong di kafe bareng teman,sosial,74572
potong rambut,lainnya,222048
langganan udemy,pendidikan,171030
iuran warga,sosial,186773
bimbel online,pendidikan,159891
beli alat tulis,belanja,268084
top up mobile legends,hiburan,429942
traktir teman makan,sosial,415937
kursus online,pendidikan,360190
bayar kartu kredit bca,tagihan,358268
bayar wifi,tagihan,218336
biaya notaris,lainnya,82443
ikan bakar,makanan,121619
beli parfum,belanja,220820
ukt kuliah,pendidikan,254646
kasih hadiah,sosial,291448
cetak foto,lainnya,435787
bayar internet,tagihan,410032
uang amplop nikahan,sosial,7333
rental mobil,transportasi,167154
top up higgs domino,hiburan,224223
beli paket data,tagihan,432706
main ke bioskop,hiburan,23244
tiket bioskop xxi,hiburan,155004
beli payung,belanja,218904
cicilan mobil,tagihan,131980
beli rak sepatu,belanja,455681
tiket kereta,transportasi,355682
bayar cicilan mobil,tagihan,68897
isi angin ban,transportasi,313556
biaya tukang,lainnya,367028
jalan jalan,hiburan,73037
biaya admin bank,lainnya,443265
beli skincare korea,belanja,83113
beli buah jeruk,makanan,307698
jalan jalan,hiburan,107055
les calistung,pendidikan,47266
ayam bakar,makanan,471465
beli laptop pelajar,pendidikan,306926
periksa ke dokter umum,kesehatan,356333
gorengan,makanan,130541
bootcamp ui ux,pendidikan,272741
mie ayam,makanan,143873
beli manga,hiburan,498304
biaya aplikasi,lainnya,49060
ayam geprek,makanan,193208
bayar gym membership,hiburan,493020
kado ulang tahun teman,sosial,5569
ketoprak,makanan,307100
naik kapal ferry,transportasi,132561
beli sabun mandi,belanja,9245
beli pulpen,lainnya,199521
main ke bioskop,hiburan,405767
makan all you can eat,makanan,65058
langganan spotify premium,hiburan,130010
biaya tukang,lainnya,239162
donasi,sosial,230256
biaya admin bank,lainnya,55849
biaya kuliah,pendidikan,322282
bayar pajak kendaraan,transportasi,415326
beli paket data,tagihan,239218
beli pulpen,lainnya,240702
biaya notaris,lainnya,231137
kursus ai,pendidikan,132100
beli charger hp,belanja,264694
beli laptop,belanja,204944
patungan gathering,sosial,392750
print dokumen,lainnya,300008
uang amplop nikahan,sosial,325501
bayar wifi,tagihan,333200
isi saldo e-toll,transportasi,413116
beli charger hp,belanja,44231
senam terapi,kesehatan,82360
bayar kost bulanan,tagihan,275155
fisioterapi,kesehatan,168387
beli vitamin c,kesehatan,468125
checkout tokopedia,belanja,286829
langganan spotify premium,hiburan,44343
kondangan nikahan teman,sosial,467499
beli buku sekolah,pendidikan,212986
beli vacuum cleaner,belanja,293409
parkir motor,transportasi,426585
kasih hadiah,sosial,338416
beli game steam,hiburan,77141
roti canai,makanan,88876
warteg,makanan,387589
sewa bus pariwisata,transportasi,201768
sewa bus pariwisata,transportasi,105168
belanja di shopee,belanja,494083
jajanan pasar,makanan,175017
checkout tokopedia,belanja,231507
sewa elf,transportasi,427843
beli iphone,belanja,350999
donasi masjid,sosial,122710
beli manga,hiburan,137985
donasi,sosial,389021
beli mesin kopi,belanja,79572
warteg,makanan,20622
tiket konser musik,hiburan,389272
beli piring,belanja,452393
beli ibuprofen,kesehatan,9030
sewa bus pariwisata,transportasi,422346
bayar listrik pln,tagihan,356185
nasi goreng,makanan,324360
donasi masjid,sosial,147596
warung makan,makanan,63650
service mobil,transportasi,325483
rawat inap rs,kesehatan,447753
roti canai,makanan,227075
es teh,makanan,270229
tes antigen,kesehatan,208117
kasih hadiah,sosial,87475
ukt kuliah,pendidikan,372858
beli air fryer,belanja,248926
vaksin influenza,kesehatan,108427
kasih hadiah,sosial,448294
les privat matematika,pendidikan,141720
bayar paylater,tagihan,462290
senam terapi,kesehatan,334226
bimbingan belajar,pendidikan,7723
beli buku pelajaran,pendidikan,499390
biaya transfer antar bank,lainnya,44157
naik mrt,transportasi,122776
naik krl,transportasi,296394
makan seafood,makanan,184768
beli iphone,belanja,312821
bayar listrik pln,tagihan,310934
kondangan nikahan teman,sosial,98827
liburan keluarga,hiburan,85842
ganti oli gardan,transportasi,14040
beli hampers,sosial,21179
traktir teman makan,sosial,294860
beli power bank,belanja,130758
beli manga,hiburan,405480
beli hampers,sosial,230209
les privat matematika,pendidikan,116048
staycation hotel,hiburan,341062
bayar bpjs kesehatan,kesehatan,95111
bantu keluarga,sosial,337839
es teh,makanan,483746
biaya notaris,lainnya,474638
beli alat tulis,belanja,437499
ayam rica rica,makanan,6701
beli kaos polos,belanja,243459
biaya transfer antar bank,lainnya,75456
kursus bahasa inggris,pendidikan,131337
print dokumen,lainnya,247243
boba,makanan,121876
bayar indihome,tagihan,406514
bootcamp programming,pendidikan,436769
isi bensin pertalite,transportasi,473010
bootcamp ui ux,pendidikan,137477
bayar paylater,tagihan,62616
kursus mengaji,pendidikan,288410
healing ke pantai,hiburan,280615
biaya kuliah,pendidikan,202161
makan all you can eat,makanan,143091
beli air fryer,belanja,159739
tiket bioskop xxi,hiburan,197854
makan malam bersama teman,sosial,402897
beli vacuum cleaner,belanja,260825
ketoprak,makanan,46291
beli buku tulis,lainnya,302058
bimbingan belajar,pendidikan,92664
cicilan mobil,tagihan,228976
beli buah jeruk,makanan,90277
bayar kost bulanan,tagihan,162549
kopi keliling,makanan,345723
siomay,makanan,130140
healing ke pantai,hiburan,274864
mie sedaap,makanan,490171
bayar microsoft 365,tagihan,449141
naik mrt,transportasi,136807
gado gado,makanan,287579
fisioterapi,kesehatan,430600
beli laptop pelajar,pendidikan,13247
beli hampers,sosial,64877
sedekah,sosial,288925
bayar arisan,sosial,260155
bayar karaoke,hiburan,327137
lontong sayur,makanan,36959
warteg,makanan,455696
beli sandal,belanja,364493
beli power bank,belanja,43724
boba,makanan,313512
gofood,makanan,205078
bayar microsoft 365,tagihan,348918
bantu keluarga,sosial,272796
beli parfum,belanja,333623
tiket lion air,transportasi,396084
beli vitamin c,kesehatan,79383
bimbingan belajar,pendidikan,62341
warung padang,makanan,346911
mie ayam,makanan,291046
langganan spotify family,hiburan,461150
biaya kuliah,pendidikan,98133
spooring balancing,transportasi,47942
top up free fire,hiburan,18586
main ke bioskop,hiburan,189311
service ac,lainnya,428719
bayar tol,transportasi,341985
isi saldo e-toll,transportasi,436025
iuran keamanan,sosial,347396
service ac,lainnya,256492
bootcamp programming,pendidikan,261178
beli kaos polos,belanja,328726
rental mobil,transportasi,259068
indomie goreng,makanan,269979
kasih hadiah,sosial,205791
langganan udemy,pendidikan,413509
rendang,makanan,391171
checkout shopee,belanja,57694
parkir motor,transportasi,31363
checkout shopee,belanja,289475
warteg,makanan,442568
bayar kartu kredit bca,tagihan,256555
sedekah,sosial,426704
nongkrong di kafe bareng teman,sosial,167618
potong rambut,lainnya,421728
tiket kapal laut,transportasi,287810
bayar gym membership,hiburan,494554
beli dispenser,belanja,161529
print dokumen,lainnya,416957
kasih hadiah,sosial,67600
uang semester,pendidikan,215137
les privat bahasa inggris,pendidikan,54021
bayar bpjs kesehatan,kesehatan,431343
pempek,makanan,136813
donasi,sosial,431523
bayar gym membership,hiburan,131740
ukt kuliah,pendidikan,217875
bayar air,tagihan,339868
bayar spp,pendidikan,332697
naik kapal ferry,transportasi,108981
parkir motor,transportasi,260616
naik gojek,transportasi,441674
naik krl,transportasi,399147
beli hampers,sosial,145164
bayar cicilan motor,tagihan,106088
pengeluaran tidak terduga,lainnya,326726
beli laptop,belanja,377130
langganan spotify premium,hiburan,155407
makan seafood,makanan,169981
beli vacuum cleaner,belanja,123287
biaya laundry kiloan,lainnya,35718
main arcade,hiburan,80275
warung nasi,makanan,355152
sewa motor harian,transportasi,317188
spp sekolah,pendidikan,142133
uang amplop nikahan,sosial,64110
biaya admin bank,lainnya,219580
kado ulang tahun teman,sosial,473854
beli pulpen,lainnya,428413
boba,makanan,269951
bootcamp programming,pendidikan,44855
uang semester,pendidikan,308637
beli charger hp,belanja,457998
warteg,makanan,476295
bayar wifi,tagihan,224092
naik ojek pangkalan,transportasi,130433
bayar kredivo,tagihan,410308
terapi pijat,kesehatan,96486
biaya praktikum kampus,pendidikan,41259
iuran warga,sosial,293214
staycation hotel,hiburan,82253
kursus excel,pendidikan,326842
beli kaos polos,belanja,71189
mie sedaap,makanan,242717
belanja di tokopedia,belanja,18120
service mobil,transportasi,295179
bayar arisan,sosial,235738
top up steam wallet,hiburan,476166
rawat inap rs,kesehatan,411042
beli ibuprofen,kesehatan,86568
naik becak,transportasi,283466
beli sepatu sneakers,belanja,169897
naik grab,transportasi,82369
beli obat di apotek,kesehatan,230480
top up mobile legends,hiburan,305900
vaksin influenza,kesehatan,237318
isi bensin pertalite,transportasi,492004
main arcade,hiburan,381894
bantu keluarga,sosial,459050
bayar token,tagihan,411308
top up higgs domino,hiburan,244659
les privat bahasa inggris,pendidikan,429770
beli pulsa telkomsel,tagihan,299066
beli hampers,sosial,334007
staycation hotel,hiburan,226907
bayar token,tagihan,238561
bayar karaoke,hiburan,129591
pengeluaran tidak terduga,lainnya,110625
cilok,makanan,38306
beli obat demam,kesehatan,53996
beli dispenser,belanja,30713
bayar spp,pendidikan,421796
kasih hadiah,sosial,110209
uang amplop nikahan,sosial,335175
boba,makanan,8770
cek mata,kesehatan,279762
beli susu lansia,kesehatan,225704
terapi pijat,kesehatan,418365
beli earphone,belanja,330525
beli token listrik,tagihan,317952
top up higgs domino,hiburan,77560
tiket lion air,transportasi,437922
pengeluaran tidak terduga,lainnya,253012
langganan ruangguru,pendidikan,162156
kursus excel,pendidikan,329332
beli manga,hiburan,271734
beli sabun mandi,belanja,22152
beli charger hp,belanja,334382
laundry express,lainnya,46395
bayar pdam,tagihan,280516
traktir teman makan,sosial,167157
donasi masjid,sosial,227075
donasi,sosial,334294
belanja tiktok shop,belanja,150834
warung padang,makanan,91317
boba,makanan,459286
bayar denda,lainnya,374363
beli air fryer,belanja,271200
ayam bakar,makanan,158878
healing ke pantai,hiburan,478942
makan malam bersama teman,sosial,180642
beli buku pelajaran,pendidikan,56699
biaya operasi,kesehatan,480184
bayar gym membership,hiburan,351512
nasi goreng,makanan,465990
bayar derek,transportasi,241350
beli pulsa telkomsel,tagihan,404433
sewa bus pariwisata,transportasi,346027
kasih uang ke orang tua,sosial,53937
kursus coding,pendidikan,485719
healing ke pantai,hiburan,18780
bayar cicilan mobil,tagihan,316282
biaya notaris,lainnya,205660
kelas online,pendidikan,313590
bayar bpjs kesehatan,tagihan,82477
beli manga,hiburan,295739
main arcade,hiburan,123211
kado ulang tahun teman,sosial,78407
bayar wifi indihome,tagihan,483568
rawat inap rs,kesehatan,195997
bayar listrik pln,tagihan,305191
beli vitamin c,kesehatan,71160
belanja di tokopedia,belanja,414744
roti canai,makanan,452171
beli parfum,belanja,395439
biaya admin bank,lainnya,483901
tes urine,kesehatan,462850
fotocopy ktp,lainnya,268245
langganan youtube premium family,hiburan,152729
rawat inap rs,kesehatan,14825
sedekah,sosial,158139
fisioterapi,kesehatan,42788
rawat jalan,kesehatan,420058
langganan spotify premium,hiburan,303991
bayar arisan,sosial,236360
belanja di shopee,belanja,199516
makan all you can eat,makanan,495478
biaya laundry kiloan,lainnya,277466
beli sandal,belanja,250540
beli mesin kopi,belanja,312724
print dokumen,lainnya,439533
soto ayam,makanan,424371
warung padang,makanan,456465
sewa motor harian,transportasi,47245
bayar arisan,sosial,404888
kado ulang tahun teman,sosial,333298
biaya aplikasi,lainnya,171347
bayar parkir,transportasi,84078
main ke bioskop,hiburan,117496
nongkrong di kafe bareng teman,sosial,125034
langganan udemy,pendidikan,294774
tiket lion air,transportasi,165107
donasi,sosial,240706
bayar karaoke,hiburan,110691
spp sekolah,pendidikan,204576
beli laptop,belanja,344556
beli pulsa telkomsel,tagihan,220155
kopi keliling,makanan,124484
sedekah jumat,sosial,320096
bayar arisan,sosial,169930
potong rambut,lainnya,414697
biaya operasi,kesehatan,488909
bayar cicilan mobil,tagihan,374571
beli vitamin c,kesehatan,327441
nongkrong di kafe bareng teman,sosial,373940
langganan udemy,pendidikan,46428
beli kaos polos,belanja,103347
beli laptop,belanja,304786
sewa bus pariwisata,transportasi,189422
bayar internet,tagihan,172001
bayar air,tagihan,101878
beli vacuum cleaner,belanja,382974
beli air fryer,belanja,419841
lontong sayur,makanan,406517
tiket kapal laut,transportasi,390159
bayar cicilan mobil,tagihan,302775
bayar potong rambut,lainnya,296695
es kopi susu gula aren,makanan,183349
bimbingan belajar,pendidikan,65853
beli piring,belanja,345701
bayar hosting web,tagihan,471228
gado gado,makanan,109248
nasi goreng,makanan,410445
cek mata,kesehatan,487954
pijat refleksi,kesehatan,85872
langganan netflix,hiburan,266115
potong rambut,lainnya,368625
beli pulpen,lainnya,375767
cetak foto,lainnya,16429
bayar cicilan motor,tagihan,297598
kondangan nikahan teman,sosial,372787
bayar wifi biznet,tagihan,63829
beli sepatu sneakers,belanja,78797
kasih hadiah,sosial,243391
beli rak sepatu,belanja,199264
naik kapal ferry,transportasi,85211
bayar kost bulanan,tagihan,83233
ganti oli gardan,transportasi,477478
isi bensin pertalite,transportasi,264158
liburan keluarga,hiburan,21979
bayar bpjs kesehatan,kesehatan,189037
beli pulpen,lainnya,387117
bayar paylater,tagihan,223274
bayar wifi indihome,tagihan,253260
bayar spp,pendidikan,276999
service mobil,transportasi,214533
biaya laundry kiloan,lainnya,59906
main ke bioskop,hiburan,474047
bayar wifi,tagihan,388317
sewa bus pariwisata,transportasi,404606
donasi masjid,sosial,328001
main ke bioskop,hiburan,468800
biaya admin bank,lainnya,241934
bayar bpjs kesehatan,kesehatan,204703
bayar akulaku,tagihan,482929
bayar arisan,sosial,261713
beli obat anak,kesehatan,18764
fisioterapi,kesehatan,386356
laundry,lainnya,62133
beli obat demam,kesehatan,116536
cicilan mobil,tagihan,437854
jajanan pasar,makanan,347598
beli pulpen,lainnya,486705
bayar pajak kendaraan,transportasi,335010
liburan keluarga,hiburan,383078
belanja di shopee,belanja,294021
camping di gunung,hiburan,89965
beli earphone,belanja,237460
naik becak,transportasi,199285
naik mrt,transportasi,124266
beli obat demam,kesehatan,324713
beli ibuprofen,kesehatan,198324
ganti oli motor,transportasi,303765
beli rak sepatu,belanja,216030
kado ulang tahun teman,sosial,409451
bayar bpjs kesehatan,tagihan,364700
beli paracetamol,kesehatan,99589
kursus coding,pendidikan,300676
beli vitamin c,kesehatan,177852
biaya notaris,lainnya,172099
kopi keliling,makanan,254184
beli alat tulis,belanja,314424
beli pulpen,lainnya,97327
beli buku pelajaran,pendidikan,297020
rawat inap rs,kesehatan,313738
kursus data science,pendidikan,460854
beli skincare korea,belanja,343868
cilok,makanan,226846
beli sepatu sneakers,belanja,251420
potong rambut,lainnya,256150
bayar potong rambut,lainnya,274200
fotocopy ktp,lainnya,226970
beli payung,belanja,263890
isi angin ban,transportasi,68626
batagor,makanan,415195
jajanan pasar,makanan,344757
senam terapi,kesehatan,226740
beli sampo,belanja,345388
checkout tokopedia,belanja,20176
staycation hotel,hiburan,451256
terapi pijat,kesehatan,392407
ayam geprek,makanan,359785
beli paket data,tagihan,132117
beli hampers,sosial,337552
beli vitamin ibu hamil,kesehatan,487224
beli parfum,belanja,396895
beli sabun mandi,belanja,292949
bayar pdam,tagihan,494567
patungan makan,sosial,135161
patungan makan,sosial,439363
terapi pijat,kesehatan,335766
parkir motor,transportasi,31936
thai tea,makanan,90669
checkout shopee,belanja,359588
langganan udemy,pendidikan,11470
kursus online,pendidikan,193355
beli kaos polos,belanja,308863
beli ibuprofen,kesehatan,189519
beli obat anak,kesehatan,202488
biaya praktikum kampus,pendidikan,94854
cek mata,kesehatan,214049
naik kapal ferry,transportasi,117172
belanja di indomaret,makanan,183389
checkout tokopedia,belanja,371084
nasi goreng,makanan,29025
cetak foto,lainnya,188753
isi bensin pertalite,transportasi,275861
tes urine,kesehatan,6486
kursus data science,pendidikan,177944
bootcamp programming,pendidikan,190829
naik mrt,transportasi,353106
cicilan mobil,tagihan,428056
biaya admin bank,lainnya,71157
gado gado,makanan,10069
checkout shopee,belanja,205563
beli game steam,hiburan,231816
es kopi susu gula aren,makanan,56599
bayar pdam,tagihan,485900
beli sepatu sneakers,belanja,36267
laundry express,lainnya,129543
beli merchandise konser,hiburan,197061
service mobil,transportasi,58785
beli pulsa telkomsel,tagihan,400515
bootcamp ui ux,pendidikan,369708
kursus excel,pendidikan,178852
pempek,makanan,241708
service ac,lainnya,15607
biaya kuliah,pendidikan,446247
beli vitamin c,kesehatan,53879
biaya transfer antar bank,lainnya,30842
rendang,makanan,40924
beli vitamin ibu hamil,kesehatan,234511
beli susu lansia,kesehatan,31972
beli alat tulis,belanja,374838
beli kemeja kerja,belanja,219180
mie ayam,makanan,104561
isi bensin pertalite,transportasi,277587
cetak foto,lainnya,34448
beli obat demam,kesehatan,297932
cetak foto,lainnya,129778
print dokumen,lainnya,31023
rawat inap rs,kesehatan,305626
iuran keamanan,sosial,398112
main arcade,hiburan,250948
mie sedaap,makanan,429374
biaya laundry kiloan,lainnya,446894
naik grab,transportasi,68258
beli parfum,belanja,173326
biaya admin bank,lainnya,436842
beli buku tulis,lainnya,224799
bayar kredivo,tagihan,400819
tes antigen,kesehatan,242877
iuran keamanan,sosial,38487
belanja di shopee,belanja,186175
kopi keliling,makanan,59309
ukt kuliah,pendidikan,210066
bayar wifi indihome,tagihan,384891
bayar denda,lainnya,304904
makan malam bersama teman,sosial,449539
ukt kuliah,pendidikan,168520
bayar kartu kredit bca,tagihan,452996
kontrol dokter,kesehatan,281265
isi saldo e-toll,transportasi,308397
vaksin influenza,kesehatan,332322
biaya laundry kiloan,lainnya,475302
beli dispenser,belanja,173989
fotocopy,lainnya,255603
top up free fire,hiburan,377978
beli vitamin c,kesehatan,310523
bayar gym membership,hiburan,495071
beli buku tulis,lainnya,53223
bayar air,tagihan,223387
bayar potong rambut,lainnya,478315
bayar karaoke,hiburan,275209
fotocopy ktp,lainnya,58088
bayar indihome,tagihan,7716
bakso solo,makanan,226187
bayar wifi indihome,tagihan,247419
beli obat anak,kesehatan,378373
fotocopy,lainnya,224483
beli wajan,belanja,66171
bimbingan belajar,pendidikan,363837
langganan ruangguru,pendidikan,427664
kondangan nikahan teman,sosial,307737
roti canai,makanan,161471
biaya notaris,lainnya,144047
warteg,makanan,166616
pempek,makanan,486555
nonton konser,hiburan,217909
bayar karaoke,hiburan,258202
bayar bpjs kesehatan,tagihan,355882
isi saldo e-toll,transportasi,297590
beli sampo,belanja,316974
beli pulsa telkomsel,tagihan,380871
bayar arisan,sosial,294359
uang amplop nikahan,sosial,261617
tiket lion air,transportasi,37645
beli susu lansia,kesehatan,451465
patungan gathering,sosial,76895
bayar internet,tagihan,462774
kursus online,pendidikan,484409
laundry,lainnya,346295
sewa bus pariwisata,transportasi,346707
iuran keamanan,sosial,407186
main arcade,hiburan,228407
ikut workshop,pendidikan,270610
belanja di tokopedia,belanja,65880
bayar denda,lainnya,305267
belanja tiktok shop,belanja,144267
nongkrong di kafe bareng teman,sosial,309491
bayar denda,lainnya,289229
beli paket data,tagihan,162672
mie ayam,makanan,490366
bayar air,tagihan,178373
liburan keluarga,hiburan,223411
sedekah,sosial,404231
spp sekolah,pendidikan,238169
langganan udemy,pendidikan,358198
beli samsung,belanja,136264
sedekah,sosial,225104
biaya laundry kiloan,lainnya,417625
spp sekolah,pendidikan,423410
bayar tol,transportasi,270269
uang semester,pendidikan,441922
beli token listrik,tagihan,401455
ikan bakar,makanan,428360
bayar wifi biznet,tagihan,307846
kursus mengaji,pendidikan,298358
top up free fire,hiburan,76160
laundry,lainnya,232098
pengeluaran tidak terduga,lainnya,140206
beli parfum lokal,belanja,59840
beli paket data,tagihan,138691
ikan bakar,makanan,268638
tes urine,kesehatan,32454
beli samsung,belanja,251369
kado ulang tahun teman,sosial,76087
bimbingan belajar,pendidikan,161907
warteg,makanan,329734
kasih uang ke orang tua,sosial,389269
cilok,makanan,232836
beli laptop,belanja,396520
bayar tol,transportasi,222510
makan all you can eat,makanan,366689
indomie goreng,makanan,112090
beli charger hp,belanja,52255
nongkrong di kafe bareng teman,sosial,13750
top up higgs domino,hiburan,340015
beli paket data,tagihan,442686
bayar air,tagihan,361670
beli token listrik,tagihan,212591
potong rambut,lainnya,36973
tes antigen,kesehatan,137118
bayar listrik pln,tagihan,355112
print dokumen,lainnya,426473
bayar listrik pln,tagihan,78471
beli dispenser,belanja,358583
beli pulsa telkomsel,tagihan,439085
donasi,sosial,50449
beli kemeja kerja,belanja,52881
warung makan,makanan,393786
bantu keluarga,sosial,301563
beli rak sepatu,belanja,158019
bayar microsoft 365,tagihan,344888
healing ke pantai,hiburan,336211
cetak foto,lainnya,291809
fotocopy ktp,lainnya,405582
bayar kartu kredit bca,tagihan,270979
ukt kuliah,pendidikan,93743
beli vitamin c,kesehatan,269528
potong rambut,lainnya,208175
bayar indihome,tagihan,451200
bimbingan belajar,pendidikan,194333
beli sampo,belanja,352384
beli sampo,belanja,234699
top up mobile legends,hiburan,63121
naik kapal ferry,transportasi,160008
beli kaos polos,belanja,405088
langganan spotify premium,hiburan,341306
tiket bioskop xxi,hiburan,310840
beli sepatu sneakers,belanja,149833
top up free fire,hiburan,409488
bayar indihome,tagihan,351141
rawat inap rs,kesehatan,387527
beli manga,hiburan,457008
liburan keluarga,hiburan,43666
top up steam wallet,hiburan,407538
patungan gathering,sosial,385626
liburan ke bali,hiburan,269375
kursus ai,pendidikan,421832
bayar akulaku,tagihan,462231
bayar cicilan mobil,tagihan,88737
beli game steam,hiburan,282589
fotocopy,lainnya,424666
biaya notaris,lainnya,417379
bayar internet,tagihan,453867
beli obat di apotek,kesehatan,407312
beli parfum lokal,belanja,291574
bayar token,tagihan,123316
bootcamp ui ux,pendidikan,294448
bayar kredivo,tagihan,472315
terapi pijat,kesehatan,58026
beli vitamin ibu hamil,kesehatan,125644
rental mobil,transportasi,185227
bayar wifi indihome,tagihan,425476
biaya notaris,lainnya,113502
beli pulpen,lainnya,203382
beli paket data,tagihan,287989
kursus coding,pendidikan,491941
gudeg jogja,makanan,404487
beli susu lansia,kesehatan,336964
bayar parkir,transportasi,148818
beli parfum lokal,belanja,142448
healing ke pantai,hiburan,154814
spp sekolah,pendidikan,13987
cek mata,kesehatan,222151
bakso solo,makanan,357159
naik mrt,transportasi,127942
beli payung,belanja,176969
naik grab,transportasi,205820
fotocopy ktp,lainnya,194178
senam terapi,kesehatan,498568
jalan jalan,hiburan,9287
beli obat demam,kesehatan,322418
bayar cicilan mobil,tagihan,409317
bootcamp ui ux,pendidikan,370552
kasih hadiah,sosial,10024
belanja di tokopedia,belanja,60917
bayar listrik pln,tagihan,239063
beli pulpen,lainnya,190568
sewa motor harian,transportasi,411135
beli alat tulis,belanja,221033
kursus excel,pendidikan,8346
ketoprak,makanan,279088
donasi,sosial,427282
biaya sertifikasi,pendidikan,258192
patungan gathering,sosial,112712
cicilan motor,tagihan,46455
rental mobil,transportasi,228735
kasih hadiah,sosial,34066
sewa motor harian,transportasi,424361
bayar pdam,tagihan,476276
bayar tol,transportasi,379103
bayar hosting web,tagihan,376583
biaya operasi,kesehatan,210498
bayar karaoke,hiburan,43551
uang semester,pendidikan,109752
biaya operasi,kesehatan,207670
main arcade,hiburan,485498
cetak foto,lainnya,424008
pecel lele,makanan,212425
les privat bahasa inggris,pendidikan,300289
tebus resep,kesehatan,77123
service mobil,transportasi,60332
spooring balancing,transportasi,480453
bayar arisan,sosial,32151
beli sepatu sneakers,belanja,128087
kondangan nikahan teman,sosial,487289
beli sabun mandi,belanja,354616
cek mata,kesehatan,441221
beli charger hp,belanja,28774
tiket kapal laut,transportasi,93967
kado ulang tahun teman,sosial,124749
beli paracetamol,kesehatan,100108
beli merchandise konser,hiburan,207837
naik gojek,transportasi,444997
belanja tiktok shop,belanja,322931
bantu keluarga,sosial,326019
beli vitamin d,kesehatan,307995
biaya kuliah,pendidikan,457837
siomay,makanan,495055
rendang,makanan,151037
bayar wifi indihome,tagihan,204069
beli pulpen,lainnya,489511
belanja di tokopedia,belanja,132785
bayar internet,tagihan,67291
rawat jalan,kesehatan,103691
fotocopy ktp,lainnya,143042
beli paracetamol,kesehatan,53107
bayar kredivo,tagihan,489447
kursus coding,pendidikan,361355
kado ulang tahun teman,sosial,59107
kopi susu,makanan,374398
beli air fryer,belanja,34422
print dokumen,lainnya,382704
main ke bioskop,hiburan,131211
liburan keluarga,hiburan,198415
sedekah jumat,sosial,368558
tiket dufan,hiburan,411304
beli pulpen,lainnya,238714
kursus online,pendidikan,163771
bakso solo,makanan,339030
kursus online,pendidikan,326219
patungan gathering,sosial,410551
beli earphone,belanja,332950
biaya transfer antar bank,lainnya,73532
langganan spotify premium,hiburan,419769
sedekah jumat,sosial,213517
bimbel online,pendidikan,140653
beli parfum lokal,belanja,435661
bayar wifi biznet,tagihan,166311
top up steam wallet,hiburan,353321
kursus online,pendidikan,454954
naik kapal ferry,transportasi,285040
nasi padang,makanan,451348
kursus ai,pendidikan,404348
biaya operasi,kesehatan,138635
beli buku sekolah,pendidikan,256257
bayar potong rambut,lainnya,234753
pijat refleksi,kesehatan,279707
beli tiket pesawat,transportasi,498601
beli charger hp,belanja,219946
patungan gathering,sosial,334552
es teh,makanan,405290
naik becak,transportasi,64973
beli obat demam,kesehatan,409160
iuran keamanan,sosial,276173
rawat jalan,kesehatan,311899
tiket dufan,hiburan,32357
beli buku tulis,lainnya,68676
bayar kartu kredit bca,tagihan,493305
iuran keamanan,sosial,221560
beli skincare korea,belanja,374041
bayar paylater,tagihan,194679
batagor,makanan,16028
uang amplop nikahan,sosial,224277
healing ke pantai,hiburan,318271
isi bensin pertashop,transportasi,348254
bayar gym membership,hiburan,419911
naik kapal ferry,transportasi,65048
donasi,sosial,227903
bayar wifi,tagihan,12384
beli vitamin d,kesehatan,81778
bayar bpjs kesehatan,kesehatan,322197
main arcade,hiburan,411947
beli payung,belanja,69796
