deskripsi,category,source
warung nasi,makanan,synthetic
warung makan,makanan,synthetic
warteg,makanan,synthetic
warung padang,makanan,synthetic
warung soto,makanan,synthetic
warung bu sari,makanan,synthetic
warung pak budi,makanan,synthetic
nasi uduk,makanan,synthetic
nasi kuning,makanan,synthetic
nasi padang,makanan,synthetic
nasi goreng,makanan,synthetic
nasi campur,makanan,synthetic
nasi pecel,makanan,synthetic
nasi liwet,makanan,synthetic
nasi bakar,makanan,synthetic
nasi box,makanan,synthetic
nasi bungkus,makanan,synthetic
makan siang,makanan,synthetic
makan malam,makanan,synthetic
makan pagi,makanan,synthetic
sarapan,makanan,synthetic
makan di warteg,makanan,synthetic
makan di kantin,makanan,synthetic
makan di warung,makanan,synthetic
kfc,makanan,synthetic
mcdonalds,makanan,synthetic
burger king,makanan,synthetic
pizza hut,makanan,synthetic
dominos pizza,makanan,synthetic
ayam geprek,makanan,synthetic
ayam penyet,makanan,synthetic
ayam bakar,makanan,synthetic
ayam goreng,makanan,synthetic
ayam lalapan,makanan,synthetic
bakso solo,makanan,synthetic
bakso malang,makanan,synthetic
bakso pak kumis,makanan,synthetic
mie ayam,makanan,synthetic
mie bakso,makanan,synthetic
soto ayam,makanan,synthetic
soto betawi,makanan,synthetic
soto lamongan,makanan,synthetic
rawon,makanan,synthetic
opor ayam,makanan,synthetic
rendang,makanan,synthetic
gulai,makanan,synthetic
sate ayam,makanan,synthetic
sate kambing,makanan,synthetic
sate padang,makanan,synthetic
kopi susu,makanan,synthetic
kopi hitam,makanan,synthetic
kopi jahe,makanan,synthetic
kopi aren,makanan,synthetic
kopi tubruk,makanan,synthetic
es teh,makanan,synthetic
es jeruk,makanan,synthetic
es campur,makanan,synthetic
es buah,makanan,synthetic
es dawet,makanan,synthetic
teh tarik,makanan,synthetic
thai tea,makanan,synthetic
boba,makanan,synthetic
matcha latte,makanan,synthetic
susu segar,makanan,synthetic
jus alpukat,makanan,synthetic
jus mangga,makanan,synthetic
jus jambu,makanan,synthetic
jus semangka,makanan,synthetic
jus jeruk,makanan,synthetic
air mineral aqua,makanan,synthetic
pocari sweat,makanan,synthetic
mizone,makanan,synthetic
sprite,makanan,synthetic
coca cola,makanan,synthetic
indomie goreng,makanan,synthetic
indomie rebus,makanan,synthetic
indomie kuah,makanan,synthetic
mie sedaap,makanan,synthetic
supermi,makanan,synthetic
pop mie,makanan,synthetic
sarimi,makanan,synthetic
mie telur,makanan,synthetic
bihun,makanan,synthetic
kwetiau,makanan,synthetic
khong guan,makanan,synthetic
roma marie,makanan,synthetic
oreo,makanan,synthetic
biskuit,makanan,synthetic
wafer tango,makanan,synthetic
chitato,makanan,synthetic
lays,makanan,synthetic
cheetos,makanan,synthetic
qtela,makanan,synthetic
piattos,makanan,synthetic
richeese,makanan,synthetic
nabati,makanan,synthetic
beng beng,makanan,synthetic
silverqueen,makanan,synthetic
cadbury,makanan,synthetic
sayur bayam,makanan,synthetic
sayur kangkung,makanan,synthetic
sayur wortel,makanan,synthetic
sayur buncis,makanan,synthetic
sayur kol,makanan,synthetic
beli sayuran,makanan,synthetic
sayuran segar,makanan,synthetic
brokoli,makanan,synthetic
tomat,makanan,synthetic
cabai merah,makanan,synthetic
bawang merah,makanan,synthetic
bawang putih,makanan,synthetic
bawang bombay,makanan,synthetic
kentang,makanan,synthetic
singkong,makanan,synthetic
tempe,makanan,synthetic
tahu,makanan,synthetic
tahu goreng,makanan,synthetic
tempe goreng,makanan,synthetic
oncom,makanan,synthetic
telur ayam,makanan,synthetic
telur bebek,makanan,synthetic
daging ayam,makanan,synthetic
daging sapi,makanan,synthetic
ikan lele,makanan,synthetic
ikan mas,makanan,synthetic
ikan tongkol,makanan,synthetic
udang,makanan,synthetic
cumi,makanan,synthetic
bakso mentah,makanan,synthetic
beras 5kg,makanan,synthetic
beras 10kg,makanan,synthetic
tepung terigu,makanan,synthetic
gula pasir,makanan,synthetic
garam,makanan,synthetic
minyak goreng,makanan,synthetic
santan,makanan,synthetic
kecap manis,makanan,synthetic
saus sambal,makanan,synthetic
terasi,makanan,synthetic
starbucks,makanan,synthetic
kopi kenangan,makanan,synthetic
janji jiwa,makanan,synthetic
fore coffee,makanan,synthetic
anomali coffee,makanan,synthetic
cerita kopi,makanan,synthetic
kopi tuku,makanan,synthetic
good day coffee,makanan,synthetic
nescafe,makanan,synthetic
kapal api,makanan,synthetic
beli kopi,makanan,synthetic
ngopi,makanan,synthetic
kafe,makanan,synthetic
coffee shop,makanan,synthetic
kedai kopi,makanan,synthetic
martabak manis,makanan,synthetic
martabak telur,makanan,synthetic
terang bulan,makanan,synthetic
pisang goreng,makanan,synthetic
ubi goreng,makanan,synthetic
gorengan,makanan,synthetic
cireng,makanan,synthetic
batagor,makanan,synthetic
siomay,makanan,synthetic
bubur ayam,makanan,synthetic
bubur kacang ijo,makanan,synthetic
kolak,makanan,synthetic
klepon,makanan,synthetic
onde onde,makanan,synthetic
getuk,makanan,synthetic
es krim walls,makanan,synthetic
es krim aice,makanan,synthetic
gelato,makanan,synthetic
pudding,makanan,synthetic
donat,makanan,synthetic
roti bakar,makanan,synthetic
roti buaya,makanan,synthetic
croissant,makanan,synthetic
sandwich,makanan,synthetic
pancake,makanan,synthetic
gofood,makanan,synthetic
grabfood,makanan,synthetic
shopeefood,makanan,synthetic
delivery makanan,makanan,synthetic
pesan makanan online,makanan,synthetic
order gofood,makanan,synthetic
ojek makanan,makanan,synthetic
makan delivery,makanan,synthetic
beli makan online,makanan,synthetic
warung nasi,makanan,synthetic
warung makan,makanan,synthetic
warteg,makanan,synthetic
warung padang,makanan,synthetic
warung soto,makanan,synthetic
warung bu sari,makanan,synthetic
warung pak budi,makanan,synthetic
nasi uduk,makanan,synthetic
nasi kuning,makanan,synthetic
nasi padang,makanan,synthetic
nasi goreng,makanan,synthetic
nasi campur,makanan,synthetic
nasi pecel,makanan,synthetic
nasi liwet,makanan,synthetic
nasi bakar,makanan,synthetic
nasi box,makanan,synthetic
nasi bungkus,makanan,synthetic
makan siang,makanan,synthetic
makan malam,makanan,synthetic
makan pagi,makanan,synthetic
sarapan,makanan,synthetic
makan di warteg,makanan,synthetic
makan di kantin,makanan,synthetic
makan di warung,makanan,synthetic
kfc,makanan,synthetic
mcdonalds,makanan,synthetic
burger king,makanan,synthetic
pizza hut,makanan,synthetic
dominos pizza,makanan,synthetic
ayam geprek,makanan,synthetic
ayam penyet,makanan,synthetic
ayam bakar,makanan,synthetic
ayam goreng,makanan,synthetic
ayam lalapan,makanan,synthetic
bakso solo,makanan,synthetic
bakso malang,makanan,synthetic
bakso pak kumis,makanan,synthetic
mie ayam,makanan,synthetic
mie bakso,makanan,synthetic
soto ayam,makanan,synthetic
soto betawi,makanan,synthetic
soto lamongan,makanan,synthetic
rawon,makanan,synthetic
opor ayam,makanan,synthetic
rendang,makanan,synthetic
gulai,makanan,synthetic
sate ayam,makanan,synthetic
sate kambing,makanan,synthetic
sate padang,makanan,synthetic
kopi susu,makanan,synthetic
kopi hitam,makanan,synthetic
kopi jahe,makanan,synthetic
kopi aren,makanan,synthetic
kopi tubruk,makanan,synthetic
es teh,makanan,synthetic
es jeruk,makanan,synthetic
es campur,makanan,synthetic
es buah,makanan,synthetic
es dawet,makanan,synthetic
teh tarik,makanan,synthetic
thai tea,makanan,synthetic
boba,makanan,synthetic
matcha latte,makanan,synthetic
susu segar,makanan,synthetic
jus alpukat,makanan,synthetic
jus mangga,makanan,synthetic
jus jambu,makanan,synthetic
jus semangka,makanan,synthetic
jus jeruk,makanan,synthetic
air mineral aqua,makanan,synthetic
pocari sweat,makanan,synthetic
mizone,makanan,synthetic
sprite,makanan,synthetic
coca cola,makanan,synthetic
indomie goreng,makanan,synthetic
indomie rebus,makanan,synthetic
indomie kuah,makanan,synthetic
mie sedaap,makanan,synthetic
supermi,makanan,synthetic
pop mie,makanan,synthetic
sarimi,makanan,synthetic
mie telur,makanan,synthetic
bihun,makanan,synthetic
kwetiau,makanan,synthetic
khong guan,makanan,synthetic
roma marie,makanan,synthetic
oreo,makanan,synthetic
biskuit,makanan,synthetic
wafer tango,makanan,synthetic
chitato,makanan,synthetic
lays,makanan,synthetic
cheetos,makanan,synthetic
qtela,makanan,synthetic
piattos,makanan,synthetic
richeese,makanan,synthetic
nabati,makanan,synthetic
beng beng,makanan,synthetic
silverqueen,makanan,synthetic
cadbury,makanan,synthetic
sayur bayam,makanan,synthetic
sayur kangkung,makanan,synthetic
sayur wortel,makanan,synthetic
sayur buncis,makanan,synthetic
sayur kol,makanan,synthetic
beli sayuran,makanan,synthetic
sayuran segar,makanan,synthetic
brokoli,makanan,synthetic
tomat,makanan,synthetic
cabai merah,makanan,synthetic
bawang merah,makanan,synthetic
bawang putih,makanan,synthetic
bawang bombay,makanan,synthetic
bensin,transportasi,synthetic
isi bensin,transportasi,synthetic
beli bensin,transportasi,synthetic
bensin pertamax,transportasi,synthetic
bensin pertalite,transportasi,synthetic
bensin premium,transportasi,synthetic
solar,transportasi,synthetic
isi solar,transportasi,synthetic
bbm,transportasi,synthetic
isi bbm,transportasi,synthetic
pertamina,transportasi,synthetic
shell,transportasi,synthetic
vivo bbm,transportasi,synthetic
isi full tank,transportasi,synthetic
bensin motor,transportasi,synthetic
bensin mobil,transportasi,synthetic
isi tangki,transportasi,synthetic
beli solar,transportasi,synthetic
pertamax plus,transportasi,synthetic
dex pertamina,transportasi,synthetic
gojek,transportasi,synthetic
grab motor,transportasi,synthetic
grab car,transportasi,synthetic
gocar,transportasi,synthetic
maxim,transportasi,synthetic
indriver,transportasi,synthetic
blu jek,transportasi,synthetic
ojek online,transportasi,synthetic
ojol,transportasi,synthetic
naik grab,transportasi,synthetic
pesan gojek,transportasi,synthetic
order grab,transportasi,synthetic
naik gojek,transportasi,synthetic
ojek ke kantor,transportasi,synthetic
grab ke mall,transportasi,synthetic
taksi online,transportasi,synthetic
ride sharing,transportasi,synthetic
naik ojek,transportasi,synthetic
ongkos ojek,transportasi,synthetic
bayar grab,transportasi,synthetic
busway,transportasi,synthetic
transjakarta,transportasi,synthetic
bis kota,transportasi,synthetic
angkot,transportasi,synthetic
angkutan umum,transportasi,synthetic
kereta commuter,transportasi,synthetic
commuterline,transportasi,synthetic
krl,transportasi,synthetic
mrt jakarta,transportasi,synthetic
lrt,transportasi,synthetic
kereta api,transportasi,synthetic
tiket kereta,transportasi,synthetic
kai,transportasi,synthetic
naik krl,transportasi,synthetic
naik mrt,transportasi,synthetic
bus antar kota,transportasi,synthetic
bus damri,transportasi,synthetic
bus primajasa,transportasi,synthetic
travel bus,transportasi,synthetic
tiket bus,transportasi,synthetic
bentor,transportasi,synthetic
becak,transportasi,synthetic
bajaj,transportasi,synthetic
bemo,transportasi,synthetic
mikrolet,transportasi,synthetic
parkir motor,transportasi,synthetic
parkir mobil,transportasi,synthetic
bayar parkir,transportasi,synthetic
karcis parkir,transportasi,synthetic
parkir mall,transportasi,synthetic
tol,transportasi,synthetic
bayar tol,transportasi,synthetic
etoll,transportasi,synthetic
tol jagorawi,transportasi,synthetic
tol cipularang,transportasi,synthetic
tol dalam kota,transportasi,synthetic
biaya tol,transportasi,synthetic
masuk tol,transportasi,synthetic
tiket tol,transportasi,synthetic
isi etoll,transportasi,synthetic
servis motor,transportasi,synthetic
servis mobil,transportasi,synthetic
ganti oli,transportasi,synthetic
oli mesin,transportasi,synthetic
oli gardan,transportasi,synthetic
tambal ban,transportasi,synthetic
ganti ban,transportasi,synthetic
ban baru,transportasi,synthetic
ban motor,transportasi,synthetic
ban mobil,transportasi,synthetic
aki motor,transportasi,synthetic
aki mobil,transportasi,synthetic
ganti aki,transportasi,synthetic
tune up motor,transportasi,synthetic
tune up mobil,transportasi,synthetic
bengkel motor,transportasi,synthetic
bengkel mobil,transportasi,synthetic
cuci motor,transportasi,synthetic
cuci mobil,transportasi,synthetic
poles mobil,transportasi,synthetic
ganti kampas rem,transportasi,synthetic
ganti busi,transportasi,synthetic
filter udara,transportasi,synthetic
radiator,transportasi,synthetic
rantai motor,transportasi,synthetic
tiket pesawat,transportasi,synthetic
lion air,transportasi,synthetic
garuda indonesia,transportasi,synthetic
citilink,transportasi,synthetic
airasia,transportasi,synthetic
batik air,transportasi,synthetic
sriwijaya air,transportasi,synthetic
tiket kereta api,transportasi,synthetic
tiket kapal,transportasi,synthetic
tiket ferry,transportasi,synthetic
tiket travel,transportasi,synthetic
ongkir travel,transportasi,synthetic
biaya perjalanan,transportasi,synthetic
tiket pp,transportasi,synthetic
tiket pulang,transportasi,synthetic
sewa motor,transportasi,synthetic
rental motor,transportasi,synthetic
sewa mobil,transportasi,synthetic
rental mobil,transportasi,synthetic
sewa scooter,transportasi,synthetic
rent car,transportasi,synthetic
grab rental,transportasi,synthetic
gocar sewa,transportasi,synthetic
sewa sepeda,transportasi,synthetic
bike sharing,transportasi,synthetic
isi saldo emoney,transportasi,synthetic
flazz,transportasi,synthetic
emoney mandiri,transportasi,synthetic
tapcash,transportasi,synthetic
brizzi,transportasi,synthetic
isi kartu krl,transportasi,synthetic
isi kartu mrt,transportasi,synthetic
denda parkir,transportasi,synthetic
tilang,transportasi,synthetic
biaya sim,transportasi,synthetic
bensin,transportasi,synthetic
isi bensin,transportasi,synthetic
beli bensin,transportasi,synthetic
bensin pertamax,transportasi,synthetic
bensin pertalite,transportasi,synthetic
bensin premium,transportasi,synthetic
solar,transportasi,synthetic
isi solar,transportasi,synthetic
bbm,transportasi,synthetic
isi bbm,transportasi,synthetic
pertamina,transportasi,synthetic
shell,transportasi,synthetic
vivo bbm,transportasi,synthetic
isi full tank,transportasi,synthetic
bensin motor,transportasi,synthetic
bensin mobil,transportasi,synthetic
isi tangki,transportasi,synthetic
beli solar,transportasi,synthetic
pertamax plus,transportasi,synthetic
dex pertamina,transportasi,synthetic
gojek,transportasi,synthetic
grab motor,transportasi,synthetic
grab car,transportasi,synthetic
gocar,transportasi,synthetic
maxim,transportasi,synthetic
indriver,transportasi,synthetic
blu jek,transportasi,synthetic
ojek online,transportasi,synthetic
ojol,transportasi,synthetic
naik grab,transportasi,synthetic
pesan gojek,transportasi,synthetic
order grab,transportasi,synthetic
naik gojek,transportasi,synthetic
ojek ke kantor,transportasi,synthetic
grab ke mall,transportasi,synthetic
taksi online,transportasi,synthetic
ride sharing,transportasi,synthetic
naik ojek,transportasi,synthetic
ongkos ojek,transportasi,synthetic
bayar grab,transportasi,synthetic
busway,transportasi,synthetic
transjakarta,transportasi,synthetic
bis kota,transportasi,synthetic
angkot,transportasi,synthetic
angkutan umum,transportasi,synthetic
kereta commuter,transportasi,synthetic
commuterline,transportasi,synthetic
krl,transportasi,synthetic
mrt jakarta,transportasi,synthetic
lrt,transportasi,synthetic
kereta api,transportasi,synthetic
tiket kereta,transportasi,synthetic
kai,transportasi,synthetic
naik krl,transportasi,synthetic
naik mrt,transportasi,synthetic
bus antar kota,transportasi,synthetic
bus damri,transportasi,synthetic
bus primajasa,transportasi,synthetic
travel bus,transportasi,synthetic
tiket bus,transportasi,synthetic
bentor,transportasi,synthetic
becak,transportasi,synthetic
bajaj,transportasi,synthetic
bemo,transportasi,synthetic
mikrolet,transportasi,synthetic
parkir motor,transportasi,synthetic
parkir mobil,transportasi,synthetic
bayar parkir,transportasi,synthetic
karcis parkir,transportasi,synthetic
parkir mall,transportasi,synthetic
tol,transportasi,synthetic
bayar tol,transportasi,synthetic
etoll,transportasi,synthetic
tol jagorawi,transportasi,synthetic
tol cipularang,transportasi,synthetic
tol dalam kota,transportasi,synthetic
biaya tol,transportasi,synthetic
masuk tol,transportasi,synthetic
tiket tol,transportasi,synthetic
isi etoll,transportasi,synthetic
servis motor,transportasi,synthetic
servis mobil,transportasi,synthetic
ganti oli,transportasi,synthetic
oli mesin,transportasi,synthetic
oli gardan,transportasi,synthetic
tambal ban,transportasi,synthetic
ganti ban,transportasi,synthetic
ban baru,transportasi,synthetic
ban motor,transportasi,synthetic
ban mobil,transportasi,synthetic
aki motor,transportasi,synthetic
aki mobil,transportasi,synthetic
ganti aki,transportasi,synthetic
tune up motor,transportasi,synthetic
tune up mobil,transportasi,synthetic
bengkel motor,transportasi,synthetic
bengkel mobil,transportasi,synthetic
cuci motor,transportasi,synthetic
cuci mobil,transportasi,synthetic
poles mobil,transportasi,synthetic
ganti kampas rem,transportasi,synthetic
ganti busi,transportasi,synthetic
filter udara,transportasi,synthetic
radiator,transportasi,synthetic
rantai motor,transportasi,synthetic
tiket pesawat,transportasi,synthetic
lion air,transportasi,synthetic
garuda indonesia,transportasi,synthetic
citilink,transportasi,synthetic
airasia,transportasi,synthetic
batik air,transportasi,synthetic
sriwijaya air,transportasi,synthetic
tiket kereta api,transportasi,synthetic
tiket kapal,transportasi,synthetic
tiket ferry,transportasi,synthetic
tiket travel,transportasi,synthetic
ongkir travel,transportasi,synthetic
biaya perjalanan,transportasi,synthetic
tiket pp,transportasi,synthetic
tiket pulang,transportasi,synthetic
sewa motor,transportasi,synthetic
rental motor,transportasi,synthetic
sewa mobil,transportasi,synthetic
rental mobil,transportasi,synthetic
sewa scooter,transportasi,synthetic
rent car,transportasi,synthetic
grab rental,transportasi,synthetic
gocar sewa,transportasi,synthetic
sewa sepeda,transportasi,synthetic
bike sharing,transportasi,synthetic
isi saldo emoney,transportasi,synthetic
flazz,transportasi,synthetic
emoney mandiri,transportasi,synthetic
tapcash,transportasi,synthetic
brizzi,transportasi,synthetic
isi kartu krl,transportasi,synthetic
isi kartu mrt,transportasi,synthetic
denda parkir,transportasi,synthetic
tilang,transportasi,synthetic
biaya sim,transportasi,synthetic
bensin,transportasi,synthetic
isi bensin,transportasi,synthetic
beli bensin,transportasi,synthetic
bensin pertamax,transportasi,synthetic
bensin pertalite,transportasi,synthetic
bensin premium,transportasi,synthetic
solar,transportasi,synthetic
isi solar,transportasi,synthetic
bbm,transportasi,synthetic
isi bbm,transportasi,synthetic
pertamina,transportasi,synthetic
shell,transportasi,synthetic
vivo bbm,transportasi,synthetic
isi full tank,transportasi,synthetic
bensin motor,transportasi,synthetic
bensin mobil,transportasi,synthetic
isi tangki,transportasi,synthetic
beli solar,transportasi,synthetic
pertamax plus,transportasi,synthetic
dex pertamina,transportasi,synthetic
netflix,hiburan,synthetic
bayar netflix,hiburan,synthetic
langganan netflix,hiburan,synthetic
disney plus,hiburan,synthetic
hbo go,hiburan,synthetic
vidio premium,hiburan,synthetic
viu,hiburan,synthetic
wetv,hiburan,synthetic
mola tv,hiburan,synthetic
catchplay,hiburan,synthetic
spotify,hiburan,synthetic
langganan spotify,hiburan,synthetic
youtube premium,hiburan,synthetic
apple music,hiburan,synthetic
joox,hiburan,synthetic
deezer,hiburan,synthetic
tidal,hiburan,synthetic
langganan musik,hiburan,synthetic
streaming musik,hiburan,synthetic
podcast premium,hiburan,synthetic
top up mobile legends,hiburan,synthetic
top up ml,hiburan,synthetic
top up pubg,hiburan,synthetic
top up free fire,hiburan,synthetic
top up genshin,hiburan,synthetic
top up valorant,hiburan,synthetic
top up steam,hiburan,synthetic
beli game steam,hiburan,synthetic
beli game ps5,hiburan,synthetic
beli game xbox,hiburan,synthetic
nintendo switch game,hiburan,synthetic
top up garena,hiburan,synthetic
top up roblox,hiburan,synthetic
top up among us,hiburan,synthetic
top up ragnarok,hiburan,synthetic
top up aov,hiburan,synthetic
diamond ml,hiburan,synthetic
uc pubg,hiburan,synthetic
ff diamond,hiburan,synthetic
genesis crystal genshin,hiburan,synthetic
playstation plus,hiburan,synthetic
xbox game pass,hiburan,synthetic
ea play,hiburan,synthetic
ubisoft plus,hiburan,synthetic
bioskop,hiburan,synthetic
nonton bioskop,hiburan,synthetic
tiket bioskop,hiburan,synthetic
cgv,hiburan,synthetic
cinepolis,hiburan,synthetic
xxi,hiburan,synthetic
cinemaxx,hiburan,synthetic
tiket film,hiburan,synthetic
nonton,hiburan,synthetic
beli tiket nonton,hiburan,synthetic
konser,hiburan,synthetic
tiket konser,hiburan,synthetic
festival musik,hiburan,synthetic
tiket festival,hiburan,synthetic
nonton konser,hiburan,synthetic
stand up comedy,hiburan,synthetic
tiket stand up,hiburan,synthetic
wayang,hiburan,synthetic
pertunjukan seni,hiburan,synthetic
teater,hiburan,synthetic
tiket masuk wahana,hiburan,synthetic
dufan,hiburan,synthetic
taman safari,hiburan,synthetic
ancol,hiburan,synthetic
ragunan,hiburan,synthetic
tiket kebun binatang,hiburan,synthetic
water boom,hiburan,synthetic
kolam renang,hiburan,synthetic
tiket wisata,hiburan,synthetic
taman hiburan,hiburan,synthetic
tiket masuk museum,hiburan,synthetic
wisata alam,hiburan,synthetic
glamping,hiburan,synthetic
tiket rafting,hiburan,synthetic
paintball,hiburan,synthetic
go kart,hiburan,synthetic
bowling,hiburan,synthetic
laser game,hiburan,synthetic
karaoke,hiburan,synthetic
inul vizta,hiburan,synthetic
happy puppy,hiburan,synthetic
nav karaoke,hiburan,synthetic
karaoke family,hiburan,synthetic
billiard,hiburan,synthetic
futsal,hiburan,synthetic
badminton,hiburan,synthetic
voli,hiburan,synthetic
tenis,hiburan,synthetic
gym,hiburan,synthetic
fitness center,hiburan,synthetic
kolam renang gym,hiburan,synthetic
climbing,hiburan,synthetic
archery,hiburan,synthetic
buku novel,hiburan,synthetic
komik,hiburan,synthetic
manga,hiburan,synthetic
majalah,hiburan,synthetic
beli buku,hiburan,synthetic
main ke mall,hiburan,synthetic
jalan jalan mall,hiburan,synthetic
nongkrong cafe,hiburan,synthetic
hangout,hiburan,synthetic
nongkrong,hiburan,synthetic
piknik,hiburan,synthetic
camping,hiburan,synthetic
hiking,hiburan,synthetic
liburan,hiburan,synthetic
wisata,hiburan,synthetic
foto studio,hiburan,synthetic
photobooth,hiburan,synthetic
selfie studio,hiburan,synthetic
foto polaroid,hiburan,synthetic
cetak foto,hiburan,synthetic
escape room,hiburan,synthetic
museum lilin,hiburan,synthetic
museum interaktif,hiburan,synthetic
pameran seni,hiburan,synthetic
canva pro,hiburan,synthetic
adobe creative,hiburan,synthetic
grammarly,hiburan,synthetic
notion premium,hiburan,synthetic
zoom premium,hiburan,synthetic
microsoft 365,hiburan,synthetic
google one,hiburan,synthetic
icloud storage,hiburan,synthetic
duolingo plus,hiburan,synthetic
coursera,hiburan,synthetic
udemy,hiburan,synthetic
skillshare,hiburan,synthetic
masterclass,hiburan,synthetic
netflix,hiburan,synthetic
bayar netflix,hiburan,synthetic
langganan netflix,hiburan,synthetic
disney plus,hiburan,synthetic
hbo go,hiburan,synthetic
vidio premium,hiburan,synthetic
viu,hiburan,synthetic
wetv,hiburan,synthetic
mola tv,hiburan,synthetic
catchplay,hiburan,synthetic
spotify,hiburan,synthetic
langganan spotify,hiburan,synthetic
youtube premium,hiburan,synthetic
apple music,hiburan,synthetic
joox,hiburan,synthetic
deezer,hiburan,synthetic
tidal,hiburan,synthetic
langganan musik,hiburan,synthetic
streaming musik,hiburan,synthetic
podcast premium,hiburan,synthetic
top up mobile legends,hiburan,synthetic
top up ml,hiburan,synthetic
top up pubg,hiburan,synthetic
top up free fire,hiburan,synthetic
top up genshin,hiburan,synthetic
top up valorant,hiburan,synthetic
top up steam,hiburan,synthetic
beli game steam,hiburan,synthetic
beli game ps5,hiburan,synthetic
beli game xbox,hiburan,synthetic
nintendo switch game,hiburan,synthetic
top up garena,hiburan,synthetic
top up roblox,hiburan,synthetic
top up among us,hiburan,synthetic
top up ragnarok,hiburan,synthetic
top up aov,hiburan,synthetic
diamond ml,hiburan,synthetic
uc pubg,hiburan,synthetic
ff diamond,hiburan,synthetic
genesis crystal genshin,hiburan,synthetic
playstation plus,hiburan,synthetic
xbox game pass,hiburan,synthetic
ea play,hiburan,synthetic
ubisoft plus,hiburan,synthetic
bioskop,hiburan,synthetic
nonton bioskop,hiburan,synthetic
tiket bioskop,hiburan,synthetic
cgv,hiburan,synthetic
cinepolis,hiburan,synthetic
xxi,hiburan,synthetic
cinemaxx,hiburan,synthetic
tiket film,hiburan,synthetic
nonton,hiburan,synthetic
beli tiket nonton,hiburan,synthetic
konser,hiburan,synthetic
tiket konser,hiburan,synthetic
festival musik,hiburan,synthetic
tiket festival,hiburan,synthetic
nonton konser,hiburan,synthetic
stand up comedy,hiburan,synthetic
tiket stand up,hiburan,synthetic
wayang,hiburan,synthetic
pertunjukan seni,hiburan,synthetic
teater,hiburan,synthetic
tiket masuk wahana,hiburan,synthetic
dufan,hiburan,synthetic
taman safari,hiburan,synthetic
ancol,hiburan,synthetic
ragunan,hiburan,synthetic
tiket kebun binatang,hiburan,synthetic
water boom,hiburan,synthetic
kolam renang,hiburan,synthetic
tiket wisata,hiburan,synthetic
taman hiburan,hiburan,synthetic
tiket masuk museum,hiburan,synthetic
wisata alam,hiburan,synthetic
glamping,hiburan,synthetic
tiket rafting,hiburan,synthetic
paintball,hiburan,synthetic
go kart,hiburan,synthetic
bowling,hiburan,synthetic
laser game,hiburan,synthetic
karaoke,hiburan,synthetic
inul vizta,hiburan,synthetic
happy puppy,hiburan,synthetic
nav karaoke,hiburan,synthetic
karaoke family,hiburan,synthetic
billiard,hiburan,synthetic
futsal,hiburan,synthetic
badminton,hiburan,synthetic
voli,hiburan,synthetic
tenis,hiburan,synthetic
gym,hiburan,synthetic
fitness center,hiburan,synthetic
kolam renang gym,hiburan,synthetic
climbing,hiburan,synthetic
archery,hiburan,synthetic
buku novel,hiburan,synthetic
komik,hiburan,synthetic
manga,hiburan,synthetic
majalah,hiburan,synthetic
beli buku,hiburan,synthetic
main ke mall,hiburan,synthetic
jalan jalan mall,hiburan,synthetic
nongkrong cafe,hiburan,synthetic
hangout,hiburan,synthetic
nongkrong,hiburan,synthetic
piknik,hiburan,synthetic
camping,hiburan,synthetic
hiking,hiburan,synthetic
liburan,hiburan,synthetic
wisata,hiburan,synthetic
foto studio,hiburan,synthetic
photobooth,hiburan,synthetic
selfie studio,hiburan,synthetic
foto polaroid,hiburan,synthetic
cetak foto,hiburan,synthetic
escape room,hiburan,synthetic
museum lilin,hiburan,synthetic
museum interaktif,hiburan,synthetic
pameran seni,hiburan,synthetic
canva pro,hiburan,synthetic
adobe creative,hiburan,synthetic
grammarly,hiburan,synthetic
notion premium,hiburan,synthetic
zoom premium,hiburan,synthetic
microsoft 365,hiburan,synthetic
google one,hiburan,synthetic
icloud storage,hiburan,synthetic
duolingo plus,hiburan,synthetic
coursera,hiburan,synthetic
udemy,hiburan,synthetic
skillshare,hiburan,synthetic
masterclass,hiburan,synthetic
netflix,hiburan,synthetic
bayar netflix,hiburan,synthetic
langganan netflix,hiburan,synthetic
disney plus,hiburan,synthetic
hbo go,hiburan,synthetic
vidio premium,hiburan,synthetic
viu,hiburan,synthetic
wetv,hiburan,synthetic
mola tv,hiburan,synthetic
catchplay,hiburan,synthetic
spotify,hiburan,synthetic
langganan spotify,hiburan,synthetic
youtube premium,hiburan,synthetic
apple music,hiburan,synthetic
joox,hiburan,synthetic
deezer,hiburan,synthetic
tidal,hiburan,synthetic
langganan musik,hiburan,synthetic
streaming musik,hiburan,synthetic
podcast premium,hiburan,synthetic
top up mobile legends,hiburan,synthetic
top up ml,hiburan,synthetic
top up pubg,hiburan,synthetic
top up free fire,hiburan,synthetic
top up genshin,hiburan,synthetic
top up valorant,hiburan,synthetic
top up steam,hiburan,synthetic
beli game steam,hiburan,synthetic
beli game ps5,hiburan,synthetic
beli game xbox,hiburan,synthetic
nintendo switch game,hiburan,synthetic
top up garena,hiburan,synthetic
alfamart,belanja,synthetic
indomaret,belanja,synthetic
alfamidi,belanja,synthetic
lawson,belanja,synthetic
circle k,belanja,synthetic
superindo,belanja,synthetic
hypermart,belanja,synthetic
carrefour,belanja,synthetic
hero supermarket,belanja,synthetic
giant,belanja,synthetic
lottemart,belanja,synthetic
transmart,belanja,synthetic
yogya,belanja,synthetic
borma,belanja,synthetic
tip top,belanja,synthetic
beli di alfamart,belanja,synthetic
beli di indomaret,belanja,synthetic
belanja supermarket,belanja,synthetic
belanja bulanan,belanja,synthetic
sabun mandi,belanja,synthetic
sabun lifebuoy,belanja,synthetic
sabun dettol,belanja,synthetic
sabun dove,belanja,synthetic
lux sabun,belanja,synthetic
shampoo,belanja,synthetic
shampoo clear,belanja,synthetic
shampoo pantene,belanja,synthetic
shampoo head shoulders,belanja,synthetic
kondisioner,belanja,synthetic
sabun cuci muka,belanja,synthetic
facial wash,belanja,synthetic
sabun cuci tangan,belanja,synthetic
pasta gigi,belanja,synthetic
sikat gigi,belanja,synthetic
odol pepsodent,belanja,synthetic
odol sensodyne,belanja,synthetic
odol closeup,belanja,synthetic
deodorant,belanja,synthetic
parfum,belanja,synthetic
body lotion,belanja,synthetic
hand sanitizer,belanja,synthetic
antiseptik,belanja,synthetic
tissue,belanja,synthetic
tisu basah,belanja,synthetic
kapas,belanja,synthetic
cotton bud,belanja,synthetic
pembalut,belanja,synthetic
detergen,belanja,synthetic
rinso,belanja,synthetic
attack detergen,belanja,synthetic
so klin,belanja,synthetic
detergen bubuk,belanja,synthetic
detergen cair,belanja,synthetic
softener,belanja,synthetic
pewangi pakaian,belanja,synthetic
molto,belanja,synthetic
downy,belanja,synthetic
sabun cuci piring,belanja,synthetic
sunlight,belanja,synthetic
mama lime,belanja,synthetic
pel lantai,belanja,synthetic
karbol,belanja,synthetic
wipol,belanja,synthetic
baygon,belanja,synthetic
obat nyamuk,belanja,synthetic
hit obat nyamuk,belanja,synthetic
autan lotion,belanja,synthetic
skincare,belanja,synthetic
moisturizer,belanja,synthetic
serum wajah,belanja,synthetic
sunscreen,belanja,synthetic
spf lotion,belanja,synthetic
toner,belanja,synthetic
micellar water,belanja,synthetic
makeup,belanja,synthetic
foundation,belanja,synthetic
bedak,belanja,synthetic
lipstik,belanja,synthetic
lipbalm,belanja,synthetic
blush on,belanja,synthetic
maskara,belanja,synthetic
eyeliner,belanja,synthetic
skincare wardah,belanja,synthetic
emina,belanja,synthetic
ms glow,belanja,synthetic
somethinc,belanja,synthetic
skintific,belanja,synthetic
beli baju,belanja,synthetic
beli kaos,belanja,synthetic
kemeja,belanja,synthetic
celana jeans,belanja,synthetic
celana pendek,belanja,synthetic
jaket,belanja,synthetic
hoodie,belanja,synthetic
dress,belanja,synthetic
gamis,belanja,synthetic
hijab,belanja,synthetic
beli sepatu,belanja,synthetic
sandal,belanja,synthetic
sepatu sneakers,belanja,synthetic
sepatu kerja,belanja,synthetic
sendal jepit,belanja,synthetic
tas,belanja,synthetic
dompet,belanja,synthetic
ikat pinggang,belanja,synthetic
topi,belanja,synthetic
kacamata,belanja,synthetic
beli charger,belanja,synthetic
kabel data,belanja,synthetic
earphone,belanja,synthetic
headset,belanja,synthetic
powerbank,belanja,synthetic
casing hp,belanja,synthetic
pelindung layar,belanja,synthetic
mouse,belanja,synthetic
keyboard,belanja,synthetic
flashdisk,belanja,synthetic
lampu led,belanja,synthetic
baterai,belanja,synthetic
bolpoin,belanja,synthetic
pulpen,belanja,synthetic
buku tulis,belanja,synthetic
perlengkapan dapur,belanja,synthetic
piring,belanja,synthetic
gelas,belanja,synthetic
sendok garpu,belanja,synthetic
wajan,belanja,synthetic
ember,belanja,synthetic
sapu,belanja,synthetic
pel,belanja,synthetic
sikat wc,belanja,synthetic
tempat sampah,belanja,synthetic
hanger baju,belanja,synthetic
gantungan,belanja,synthetic
bantal,belanja,synthetic
sprei,belanja,synthetic
handuk,belanja,synthetic
alfamart,belanja,synthetic
indomaret,belanja,synthetic
alfamidi,belanja,synthetic
lawson,belanja,synthetic
circle k,belanja,synthetic
superindo,belanja,synthetic
hypermart,belanja,synthetic
carrefour,belanja,synthetic
hero supermarket,belanja,synthetic
giant,belanja,synthetic
lottemart,belanja,synthetic
transmart,belanja,synthetic
yogya,belanja,synthetic
borma,belanja,synthetic
tip top,belanja,synthetic
beli di alfamart,belanja,synthetic
beli di indomaret,belanja,synthetic
belanja supermarket,belanja,synthetic
belanja bulanan,belanja,synthetic
sabun mandi,belanja,synthetic
sabun lifebuoy,belanja,synthetic
sabun dettol,belanja,synthetic
sabun dove,belanja,synthetic
lux sabun,belanja,synthetic
shampoo,belanja,synthetic
shampoo clear,belanja,synthetic
shampoo pantene,belanja,synthetic
shampoo head shoulders,belanja,synthetic
kondisioner,belanja,synthetic
sabun cuci muka,belanja,synthetic
facial wash,belanja,synthetic
sabun cuci tangan,belanja,synthetic
pasta gigi,belanja,synthetic
sikat gigi,belanja,synthetic
odol pepsodent,belanja,synthetic
odol sensodyne,belanja,synthetic
odol closeup,belanja,synthetic
deodorant,belanja,synthetic
parfum,belanja,synthetic
body lotion,belanja,synthetic
hand sanitizer,belanja,synthetic
antiseptik,belanja,synthetic
tissue,belanja,synthetic
tisu basah,belanja,synthetic
kapas,belanja,synthetic
cotton bud,belanja,synthetic
pembalut,belanja,synthetic
detergen,belanja,synthetic
rinso,belanja,synthetic
attack detergen,belanja,synthetic
so klin,belanja,synthetic
detergen bubuk,belanja,synthetic
detergen cair,belanja,synthetic
softener,belanja,synthetic
pewangi pakaian,belanja,synthetic
molto,belanja,synthetic
downy,belanja,synthetic
sabun cuci piring,belanja,synthetic
sunlight,belanja,synthetic
mama lime,belanja,synthetic
pel lantai,belanja,synthetic
karbol,belanja,synthetic
wipol,belanja,synthetic
baygon,belanja,synthetic
obat nyamuk,belanja,synthetic
hit obat nyamuk,belanja,synthetic
autan lotion,belanja,synthetic
skincare,belanja,synthetic
moisturizer,belanja,synthetic
serum wajah,belanja,synthetic
sunscreen,belanja,synthetic
spf lotion,belanja,synthetic
toner,belanja,synthetic
micellar water,belanja,synthetic
makeup,belanja,synthetic
foundation,belanja,synthetic
bedak,belanja,synthetic
lipstik,belanja,synthetic
lipbalm,belanja,synthetic
blush on,belanja,synthetic
maskara,belanja,synthetic
eyeliner,belanja,synthetic
skincare wardah,belanja,synthetic
emina,belanja,synthetic
ms glow,belanja,synthetic
somethinc,belanja,synthetic
skintific,belanja,synthetic
beli baju,belanja,synthetic
beli kaos,belanja,synthetic
kemeja,belanja,synthetic
celana jeans,belanja,synthetic
celana pendek,belanja,synthetic
jaket,belanja,synthetic
hoodie,belanja,synthetic
dress,belanja,synthetic
gamis,belanja,synthetic
hijab,belanja,synthetic
beli sepatu,belanja,synthetic
sandal,belanja,synthetic
sepatu sneakers,belanja,synthetic
sepatu kerja,belanja,synthetic
sendal jepit,belanja,synthetic
tas,belanja,synthetic
dompet,belanja,synthetic
ikat pinggang,belanja,synthetic
topi,belanja,synthetic
kacamata,belanja,synthetic
beli charger,belanja,synthetic
kabel data,belanja,synthetic
earphone,belanja,synthetic
headset,belanja,synthetic
powerbank,belanja,synthetic
casing hp,belanja,synthetic
pelindung layar,belanja,synthetic
mouse,belanja,synthetic
keyboard,belanja,synthetic
flashdisk,belanja,synthetic
lampu led,belanja,synthetic
baterai,belanja,synthetic
bolpoin,belanja,synthetic
pulpen,belanja,synthetic
buku tulis,belanja,synthetic
perlengkapan dapur,belanja,synthetic
piring,belanja,synthetic
gelas,belanja,synthetic
sendok garpu,belanja,synthetic
wajan,belanja,synthetic
ember,belanja,synthetic
sapu,belanja,synthetic
pel,belanja,synthetic
sikat wc,belanja,synthetic
tempat sampah,belanja,synthetic
hanger baju,belanja,synthetic
gantungan,belanja,synthetic
bantal,belanja,synthetic
sprei,belanja,synthetic
handuk,belanja,synthetic
alfamart,belanja,synthetic
indomaret,belanja,synthetic
alfamidi,belanja,synthetic
lawson,belanja,synthetic
circle k,belanja,synthetic
superindo,belanja,synthetic
hypermart,belanja,synthetic
carrefour,belanja,synthetic
hero supermarket,belanja,synthetic
giant,belanja,synthetic
lottemart,belanja,synthetic
transmart,belanja,synthetic
yogya,belanja,synthetic
borma,belanja,synthetic
tip top,belanja,synthetic
beli di alfamart,belanja,synthetic
beli di indomaret,belanja,synthetic
belanja supermarket,belanja,synthetic
belanja bulanan,belanja,synthetic
sabun mandi,belanja,synthetic
sabun lifebuoy,belanja,synthetic
sabun dettol,belanja,synthetic
sabun dove,belanja,synthetic
lux sabun,belanja,synthetic
shampoo,belanja,synthetic
shampoo clear,belanja,synthetic
dokter umum,kesehatan,synthetic
klinik,kesehatan,synthetic
puskesmas,kesehatan,synthetic
konsultasi dokter,kesehatan,synthetic
periksa dokter,kesehatan,synthetic
dokter gigi,kesehatan,synthetic
cabut gigi,kesehatan,synthetic
tambal gigi,kesehatan,synthetic
scaling gigi,kesehatan,synthetic
perawatan gigi,kesehatan,synthetic
dokter spesialis,kesehatan,synthetic
dokter anak,kesehatan,synthetic
dokter kandungan,kesehatan,synthetic
dokter mata,kesehatan,synthetic
dokter kulit,kesehatan,synthetic
rumah sakit,kesehatan,synthetic
ugd,kesehatan,synthetic
rawat jalan,kesehatan,synthetic
rawat inap,kesehatan,synthetic
operasi,kesehatan,synthetic
bidan,kesehatan,synthetic
konsultasi bidan,kesehatan,synthetic
cek kehamilan,kesehatan,synthetic
usg kandungan,kesehatan,synthetic
imunisasi,kesehatan,synthetic
apotek,kesehatan,synthetic
kimia farma,kesehatan,synthetic
guardian apotek,kesehatan,synthetic
century apotek,kesehatan,synthetic
k24 apotek,kesehatan,synthetic
beli obat,kesehatan,synthetic
obat batuk,kesehatan,synthetic
obat pilek,kesehatan,synthetic
obat demam,kesehatan,synthetic
obat sakit kepala,kesehatan,synthetic
paracetamol,kesehatan,synthetic
ibuprofen,kesehatan,synthetic
amoxicillin,kesehatan,synthetic
vitamin c,kesehatan,synthetic
vitamin d,kesehatan,synthetic
suplemen,kesehatan,synthetic
minyak kayu putih,kesehatan,synthetic
betadine,kesehatan,synthetic
hansaplast,kesehatan,synthetic
perban,kesehatan,synthetic
obat maag,kesehatan,synthetic
antasida,kesehatan,synthetic
promag,kesehatan,synthetic
mylanta,kesehatan,synthetic
obat diare,kesehatan,synthetic
obat alergi,kesehatan,synthetic
antimo,kesehatan,synthetic
tolak angin,kesehatan,synthetic
woods obat batuk,kesehatan,synthetic
vicks,kesehatan,synthetic
cek darah,kesehatan,synthetic
laboratorium,kesehatan,synthetic
lab prodia,kesehatan,synthetic
lab pramita,kesehatan,synthetic
cek kolesterol,kesehatan,synthetic
cek gula darah,kesehatan,synthetic
cek tensi,kesehatan,synthetic
cek urine,kesehatan,synthetic
rontgen,kesehatan,synthetic
ct scan,kesehatan,synthetic
rapid test,kesehatan,synthetic
pcr test,kesehatan,synthetic
antigen test,kesehatan,synthetic
medical check up,kesehatan,synthetic
cek kesehatan,kesehatan,synthetic
gym,kesehatan,synthetic
fitness center,kesehatan,synthetic
membership gym,kesehatan,synthetic
daftar gym,kesehatan,synthetic
bayar gym,kesehatan,synthetic
gold gym,kesehatan,synthetic
celebrity fitness,kesehatan,synthetic
fit hub,kesehatan,synthetic
sports club,kesehatan,synthetic
anytime fitness,kesehatan,synthetic
yoga,kesehatan,synthetic
kelas yoga,kesehatan,synthetic
pilates,kesehatan,synthetic
zumba,kesehatan,synthetic
aerobik,kesehatan,synthetic
renang,kesehatan,synthetic
lari,kesehatan,synthetic
jogging,kesehatan,synthetic
badminton fitness,kesehatan,synthetic
sepeda,kesehatan,synthetic
vitamin,kesehatan,synthetic
multivitamin,kesehatan,synthetic
zinc,kesehatan,synthetic
omega 3,kesehatan,synthetic
kolagen,kesehatan,synthetic
protein whey,kesehatan,synthetic
protein shake,kesehatan,synthetic
susu ensure,kesehatan,synthetic
susu anlene,kesehatan,synthetic
susu diabetasol,kesehatan,synthetic
madu,kesehatan,synthetic
propolis,kesehatan,synthetic
herbal,kesehatan,synthetic
jamu,kesehatan,synthetic
temulawak,kesehatan,synthetic
masker wajah,kesehatan,synthetic
obat jerawat,kesehatan,synthetic
benzoil peroksida,kesehatan,synthetic
salicylic acid,kesehatan,synthetic
termometer,kesehatan,synthetic
tensimeter,kesehatan,synthetic
oximeter,kesehatan,synthetic
masker medis,kesehatan,synthetic
sarung tangan medis,kesehatan,synthetic
timbangan badan,kesehatan,synthetic
beli masker,kesehatan,synthetic
kacamata baca,kesehatan,synthetic
lensa kontak,kesehatan,synthetic
obat mata,kesehatan,synthetic
tetes mata,kesehatan,synthetic
obat telinga,kesehatan,synthetic
obat tetes hidung,kesehatan,synthetic
dokter umum,kesehatan,synthetic
klinik,kesehatan,synthetic
puskesmas,kesehatan,synthetic
konsultasi dokter,kesehatan,synthetic
periksa dokter,kesehatan,synthetic
dokter gigi,kesehatan,synthetic
cabut gigi,kesehatan,synthetic
tambal gigi,kesehatan,synthetic
scaling gigi,kesehatan,synthetic
perawatan gigi,kesehatan,synthetic
dokter spesialis,kesehatan,synthetic
dokter anak,kesehatan,synthetic
dokter kandungan,kesehatan,synthetic
dokter mata,kesehatan,synthetic
dokter kulit,kesehatan,synthetic
rumah sakit,kesehatan,synthetic
ugd,kesehatan,synthetic
rawat jalan,kesehatan,synthetic
rawat inap,kesehatan,synthetic
operasi,kesehatan,synthetic
bidan,kesehatan,synthetic
konsultasi bidan,kesehatan,synthetic
cek kehamilan,kesehatan,synthetic
usg kandungan,kesehatan,synthetic
imunisasi,kesehatan,synthetic
apotek,kesehatan,synthetic
kimia farma,kesehatan,synthetic
guardian apotek,kesehatan,synthetic
century apotek,kesehatan,synthetic
k24 apotek,kesehatan,synthetic
beli obat,kesehatan,synthetic
obat batuk,kesehatan,synthetic
obat pilek,kesehatan,synthetic
obat demam,kesehatan,synthetic
obat sakit kepala,kesehatan,synthetic
paracetamol,kesehatan,synthetic
ibuprofen,kesehatan,synthetic
amoxicillin,kesehatan,synthetic
vitamin c,kesehatan,synthetic
vitamin d,kesehatan,synthetic
suplemen,kesehatan,synthetic
minyak kayu putih,kesehatan,synthetic
betadine,kesehatan,synthetic
hansaplast,kesehatan,synthetic
perban,kesehatan,synthetic
obat maag,kesehatan,synthetic
antasida,kesehatan,synthetic
promag,kesehatan,synthetic
mylanta,kesehatan,synthetic
obat diare,kesehatan,synthetic
obat alergi,kesehatan,synthetic
antimo,kesehatan,synthetic
tolak angin,kesehatan,synthetic
woods obat batuk,kesehatan,synthetic
vicks,kesehatan,synthetic
cek darah,kesehatan,synthetic
laboratorium,kesehatan,synthetic
lab prodia,kesehatan,synthetic
lab pramita,kesehatan,synthetic
cek kolesterol,kesehatan,synthetic
cek gula darah,kesehatan,synthetic
cek tensi,kesehatan,synthetic
cek urine,kesehatan,synthetic
rontgen,kesehatan,synthetic
ct scan,kesehatan,synthetic
rapid test,kesehatan,synthetic
pcr test,kesehatan,synthetic
antigen test,kesehatan,synthetic
medical check up,kesehatan,synthetic
cek kesehatan,kesehatan,synthetic
gym,kesehatan,synthetic
fitness center,kesehatan,synthetic
membership gym,kesehatan,synthetic
daftar gym,kesehatan,synthetic
bayar gym,kesehatan,synthetic
gold gym,kesehatan,synthetic
celebrity fitness,kesehatan,synthetic
fit hub,kesehatan,synthetic
sports club,kesehatan,synthetic
anytime fitness,kesehatan,synthetic
yoga,kesehatan,synthetic
kelas yoga,kesehatan,synthetic
pilates,kesehatan,synthetic
zumba,kesehatan,synthetic
aerobik,kesehatan,synthetic
renang,kesehatan,synthetic
lari,kesehatan,synthetic
jogging,kesehatan,synthetic
badminton fitness,kesehatan,synthetic
sepeda,kesehatan,synthetic
vitamin,kesehatan,synthetic
multivitamin,kesehatan,synthetic
zinc,kesehatan,synthetic
omega 3,kesehatan,synthetic
kolagen,kesehatan,synthetic
protein whey,kesehatan,synthetic
protein shake,kesehatan,synthetic
susu ensure,kesehatan,synthetic
susu anlene,kesehatan,synthetic
susu diabetasol,kesehatan,synthetic
madu,kesehatan,synthetic
propolis,kesehatan,synthetic
herbal,kesehatan,synthetic
jamu,kesehatan,synthetic
temulawak,kesehatan,synthetic
masker wajah,kesehatan,synthetic
obat jerawat,kesehatan,synthetic
benzoil peroksida,kesehatan,synthetic
salicylic acid,kesehatan,synthetic
termometer,kesehatan,synthetic
tensimeter,kesehatan,synthetic
oximeter,kesehatan,synthetic
masker medis,kesehatan,synthetic
sarung tangan medis,kesehatan,synthetic
timbangan badan,kesehatan,synthetic
beli masker,kesehatan,synthetic
kacamata baca,kesehatan,synthetic
lensa kontak,kesehatan,synthetic
obat mata,kesehatan,synthetic
tetes mata,kesehatan,synthetic
obat telinga,kesehatan,synthetic
obat tetes hidung,kesehatan,synthetic
dokter umum,kesehatan,synthetic
klinik,kesehatan,synthetic
puskesmas,kesehatan,synthetic
konsultasi dokter,kesehatan,synthetic
periksa dokter,kesehatan,synthetic
dokter gigi,kesehatan,synthetic
cabut gigi,kesehatan,synthetic
tambal gigi,kesehatan,synthetic
scaling gigi,kesehatan,synthetic
perawatan gigi,kesehatan,synthetic
dokter spesialis,kesehatan,synthetic
dokter anak,kesehatan,synthetic
dokter kandungan,kesehatan,synthetic
dokter mata,kesehatan,synthetic
dokter kulit,kesehatan,synthetic
rumah sakit,kesehatan,synthetic
ugd,kesehatan,synthetic
rawat jalan,kesehatan,synthetic
rawat inap,kesehatan,synthetic
operasi,kesehatan,synthetic
bidan,kesehatan,synthetic
konsultasi bidan,kesehatan,synthetic
cek kehamilan,kesehatan,synthetic
usg kandungan,kesehatan,synthetic
imunisasi,kesehatan,synthetic
apotek,kesehatan,synthetic
kimia farma,kesehatan,synthetic
guardian apotek,kesehatan,synthetic
century apotek,kesehatan,synthetic
k24 apotek,kesehatan,synthetic
beli obat,kesehatan,synthetic
obat batuk,kesehatan,synthetic
obat pilek,kesehatan,synthetic
obat demam,kesehatan,synthetic
obat sakit kepala,kesehatan,synthetic
paracetamol,kesehatan,synthetic
ibuprofen,kesehatan,synthetic
amoxicillin,kesehatan,synthetic
vitamin c,kesehatan,synthetic
vitamin d,kesehatan,synthetic
suplemen,kesehatan,synthetic
minyak kayu putih,kesehatan,synthetic
betadine,kesehatan,synthetic
hansaplast,kesehatan,synthetic
perban,kesehatan,synthetic
obat maag,kesehatan,synthetic
antasida,kesehatan,synthetic
promag,kesehatan,synthetic
mylanta,kesehatan,synthetic
obat diare,kesehatan,synthetic
obat alergi,kesehatan,synthetic
antimo,kesehatan,synthetic
tolak angin,kesehatan,synthetic
woods obat batuk,kesehatan,synthetic
vicks,kesehatan,synthetic
cek darah,kesehatan,synthetic
listrik,tagihan,synthetic
bayar listrik,tagihan,synthetic
listrik pln,tagihan,synthetic
token listrik,tagihan,synthetic
beli token listrik,tagihan,synthetic
tagihan listrik,tagihan,synthetic
isi token pln,tagihan,synthetic
pulsa listrik,tagihan,synthetic
listrik rumah,tagihan,synthetic
listrik kos,tagihan,synthetic
bayar pln,tagihan,synthetic
listrik bulanan,tagihan,synthetic
token pln 50rb,tagihan,synthetic
token pln 100rb,tagihan,synthetic
token pln 200rb,tagihan,synthetic
air,tagihan,synthetic
tagihan air,tagihan,synthetic
bayar air,tagihan,synthetic
air pdam,tagihan,synthetic
tagihan pdam,tagihan,synthetic
bayar pdam,tagihan,synthetic
air bulanan,tagihan,synthetic
iuran air,tagihan,synthetic
air ledeng,tagihan,synthetic
air bersih,tagihan,synthetic
wifi,tagihan,synthetic
bayar wifi,tagihan,synthetic
internet,tagihan,synthetic
tagihan internet,tagihan,synthetic
indihome,tagihan,synthetic
firstmedia,tagihan,synthetic
mncplay,tagihan,synthetic
biznet,tagihan,synthetic
myrepublic,tagihan,synthetic
telkomsel orbit,tagihan,synthetic
wifi bulanan,tagihan,synthetic
paket internet,tagihan,synthetic
pasang wifi,tagihan,synthetic
bayar indihome,tagihan,synthetic
upgrade wifi,tagihan,synthetic
tv kabel,tagihan,synthetic
tagihan tv,tagihan,synthetic
bayar tv kabel,tagihan,synthetic
useetv,tagihan,synthetic
transvision,tagihan,synthetic
pulsa,tagihan,synthetic
beli pulsa,tagihan,synthetic
isi pulsa,tagihan,synthetic
pulsa telkomsel,tagihan,synthetic
pulsa xl,tagihan,synthetic
pulsa indosat,tagihan,synthetic
pulsa tri,tagihan,synthetic
pulsa smartfren,tagihan,synthetic
paket data,tagihan,synthetic
beli paket data,tagihan,synthetic
paket telkomsel,tagihan,synthetic
paket xl,tagihan,synthetic
paket indosat,tagihan,synthetic
paket tri,tagihan,synthetic
kuota internet,tagihan,synthetic
paket nelpon,tagihan,synthetic
paket sms,tagihan,synthetic
perpanjang paket,tagihan,synthetic
beli kuota,tagihan,synthetic
isi kuota,tagihan,synthetic
bpjs,tagihan,synthetic
bayar bpjs,tagihan,synthetic
bpjs kesehatan,tagihan,synthetic
bpjs ketenagakerjaan,tagihan,synthetic
iuran bpjs,tagihan,synthetic
asuransi,tagihan,synthetic
premi asuransi,tagihan,synthetic
asuransi jiwa,tagihan,synthetic
asuransi kesehatan,tagihan,synthetic
asuransi kendaraan,tagihan,synthetic
bayar premi,tagihan,synthetic
asuransi allianz,tagihan,synthetic
asuransi prudential,tagihan,synthetic
asuransi manulife,tagihan,synthetic
kos,tagihan,synthetic
bayar kos,tagihan,synthetic
sewa kos,tagihan,synthetic
kontrakan,tagihan,synthetic
sewa kontrakan,tagihan,synthetic
sewa rumah,tagihan,synthetic
bayar kontrakan,tagihan,synthetic
iuran kos,tagihan,synthetic
wifi kos,tagihan,synthetic
listrik kos,tagihan,synthetic
kos bulanan,tagihan,synthetic
bayar sewa,tagihan,synthetic
uang kos,tagihan,synthetic
biaya kos,tagihan,synthetic
deposit kos,tagihan,synthetic
cicilan,tagihan,synthetic
angsuran,tagihan,synthetic
kredit,tagihan,synthetic
bayar cicilan,tagihan,synthetic
cicilan hp,tagihan,synthetic
cicilan motor,tagihan,synthetic
cicilan mobil,tagihan,synthetic
cicilan kulkas,tagihan,synthetic
cicilan ac,tagihan,synthetic
bayar kredit,tagihan,synthetic
kartu kredit,tagihan,synthetic
tagihan kartu kredit,tagihan,synthetic
bayar cc,tagihan,synthetic
minimum payment,tagihan,synthetic
iuran rt,tagihan,synthetic
iuran rw,tagihan,synthetic
iuran bulanan,tagihan,synthetic
kas rt,tagihan,synthetic
sumbangan wajib,tagihan,synthetic
pajak motor,tagihan,synthetic
pajak mobil,tagihan,synthetic
bayar pajak,tagihan,synthetic
stnk,tagihan,synthetic
perpanjang stnk,tagihan,synthetic
parkir bulanan,tagihan,synthetic
langganan koran,tagihan,synthetic
tagihan gas,tagihan,synthetic
gas elpiji,tagihan,synthetic
gas bulanan,tagihan,synthetic
listrik,tagihan,synthetic
bayar listrik,tagihan,synthetic
listrik pln,tagihan,synthetic
token listrik,tagihan,synthetic
beli token listrik,tagihan,synthetic
tagihan listrik,tagihan,synthetic
isi token pln,tagihan,synthetic
pulsa listrik,tagihan,synthetic
listrik rumah,tagihan,synthetic
listrik kos,tagihan,synthetic
bayar pln,tagihan,synthetic
listrik bulanan,tagihan,synthetic
token pln 50rb,tagihan,synthetic
token pln 100rb,tagihan,synthetic
token pln 200rb,tagihan,synthetic
air,tagihan,synthetic
tagihan air,tagihan,synthetic
bayar air,tagihan,synthetic
air pdam,tagihan,synthetic
tagihan pdam,tagihan,synthetic
bayar pdam,tagihan,synthetic
air bulanan,tagihan,synthetic
iuran air,tagihan,synthetic
air ledeng,tagihan,synthetic
air bersih,tagihan,synthetic
wifi,tagihan,synthetic
bayar wifi,tagihan,synthetic
internet,tagihan,synthetic
tagihan internet,tagihan,synthetic
indihome,tagihan,synthetic
firstmedia,tagihan,synthetic
mncplay,tagihan,synthetic
biznet,tagihan,synthetic
myrepublic,tagihan,synthetic
telkomsel orbit,tagihan,synthetic
wifi bulanan,tagihan,synthetic
paket internet,tagihan,synthetic
pasang wifi,tagihan,synthetic
bayar indihome,tagihan,synthetic
upgrade wifi,tagihan,synthetic
tv kabel,tagihan,synthetic
tagihan tv,tagihan,synthetic
bayar tv kabel,tagihan,synthetic
useetv,tagihan,synthetic
transvision,tagihan,synthetic
pulsa,tagihan,synthetic
beli pulsa,tagihan,synthetic
isi pulsa,tagihan,synthetic
pulsa telkomsel,tagihan,synthetic
pulsa xl,tagihan,synthetic
pulsa indosat,tagihan,synthetic
pulsa tri,tagihan,synthetic
pulsa smartfren,tagihan,synthetic
paket data,tagihan,synthetic
beli paket data,tagihan,synthetic
paket telkomsel,tagihan,synthetic
paket xl,tagihan,synthetic
paket indosat,tagihan,synthetic
paket tri,tagihan,synthetic
kuota internet,tagihan,synthetic
paket nelpon,tagihan,synthetic
paket sms,tagihan,synthetic
perpanjang paket,tagihan,synthetic
beli kuota,tagihan,synthetic
isi kuota,tagihan,synthetic
bpjs,tagihan,synthetic
bayar bpjs,tagihan,synthetic
bpjs kesehatan,tagihan,synthetic
bpjs ketenagakerjaan,tagihan,synthetic
iuran bpjs,tagihan,synthetic
asuransi,tagihan,synthetic
premi asuransi,tagihan,synthetic
asuransi jiwa,tagihan,synthetic
asuransi kesehatan,tagihan,synthetic
asuransi kendaraan,tagihan,synthetic
bayar premi,tagihan,synthetic
asuransi allianz,tagihan,synthetic
asuransi prudential,tagihan,synthetic
asuransi manulife,tagihan,synthetic
kos,tagihan,synthetic
bayar kos,tagihan,synthetic
sewa kos,tagihan,synthetic
kontrakan,tagihan,synthetic
sewa kontrakan,tagihan,synthetic
sewa rumah,tagihan,synthetic
bayar kontrakan,tagihan,synthetic
iuran kos,tagihan,synthetic
wifi kos,tagihan,synthetic
listrik kos,tagihan,synthetic
kos bulanan,tagihan,synthetic
bayar sewa,tagihan,synthetic
uang kos,tagihan,synthetic
biaya kos,tagihan,synthetic
deposit kos,tagihan,synthetic
cicilan,tagihan,synthetic
angsuran,tagihan,synthetic
kredit,tagihan,synthetic
bayar cicilan,tagihan,synthetic
cicilan hp,tagihan,synthetic
cicilan motor,tagihan,synthetic
cicilan mobil,tagihan,synthetic
cicilan kulkas,tagihan,synthetic
cicilan ac,tagihan,synthetic
bayar kredit,tagihan,synthetic
kartu kredit,tagihan,synthetic
tagihan kartu kredit,tagihan,synthetic
bayar cc,tagihan,synthetic
minimum payment,tagihan,synthetic
iuran rt,tagihan,synthetic
iuran rw,tagihan,synthetic
iuran bulanan,tagihan,synthetic
kas rt,tagihan,synthetic
sumbangan wajib,tagihan,synthetic
pajak motor,tagihan,synthetic
pajak mobil,tagihan,synthetic
bayar pajak,tagihan,synthetic
stnk,tagihan,synthetic
perpanjang stnk,tagihan,synthetic
parkir bulanan,tagihan,synthetic
langganan koran,tagihan,synthetic
tagihan gas,tagihan,synthetic
gas elpiji,tagihan,synthetic
gas bulanan,tagihan,synthetic
listrik,tagihan,synthetic
bayar listrik,tagihan,synthetic
listrik pln,tagihan,synthetic
token listrik,tagihan,synthetic
beli token listrik,tagihan,synthetic
tagihan listrik,tagihan,synthetic
isi token pln,tagihan,synthetic
pulsa listrik,tagihan,synthetic
listrik rumah,tagihan,synthetic
listrik kos,tagihan,synthetic
bayar pln,tagihan,synthetic
listrik bulanan,tagihan,synthetic
token pln 50rb,tagihan,synthetic
token pln 100rb,tagihan,synthetic
token pln 200rb,tagihan,synthetic
air,tagihan,synthetic
tagihan air,tagihan,synthetic
bayar air,tagihan,synthetic
air pdam,tagihan,synthetic
tagihan pdam,tagihan,synthetic
bayar pdam,tagihan,synthetic
air bulanan,tagihan,synthetic
iuran air,tagihan,synthetic
air ledeng,tagihan,synthetic
air bersih,tagihan,synthetic
wifi,tagihan,synthetic
bayar wifi,tagihan,synthetic
internet,tagihan,synthetic
tagihan internet,tagihan,synthetic
indihome,tagihan,synthetic
firstmedia,tagihan,synthetic
mncplay,tagihan,synthetic
biznet,tagihan,synthetic
myrepublic,tagihan,synthetic
telkomsel orbit,tagihan,synthetic
wifi bulanan,tagihan,synthetic
paket internet,tagihan,synthetic
pasang wifi,tagihan,synthetic
bayar indihome,tagihan,synthetic
upgrade wifi,tagihan,synthetic
tv kabel,tagihan,synthetic
tagihan tv,tagihan,synthetic
bayar tv kabel,tagihan,synthetic
useetv,tagihan,synthetic
transvision,tagihan,synthetic
pulsa,tagihan,synthetic
beli pulsa,tagihan,synthetic
isi pulsa,tagihan,synthetic
pulsa telkomsel,tagihan,synthetic
pulsa xl,tagihan,synthetic
pulsa indosat,tagihan,synthetic
pulsa tri,tagihan,synthetic
pulsa smartfren,tagihan,synthetic
paket data,tagihan,synthetic
biaya admin,lainnya,synthetic
biaya admin bank,lainnya,synthetic
admin bca,lainnya,synthetic
admin bri,lainnya,synthetic
admin mandiri,lainnya,synthetic
admin bni,lainnya,synthetic
admin transfer,lainnya,synthetic
biaya transfer,lainnya,synthetic
biaya tarik tunai,lainnya,synthetic
biaya atm,lainnya,synthetic
denda bank,lainnya,synthetic
biaya rekening,lainnya,synthetic
provisi,lainnya,synthetic
biaya materai,lainnya,synthetic
cek saldo,lainnya,synthetic
biaya bulanan bank,lainnya,synthetic
biaya kartu debit,lainnya,synthetic
biaya kartu kredit,lainnya,synthetic
ongkir,lainnya,synthetic
ongkos kirim,lainnya,synthetic
biaya pengiriman,lainnya,synthetic
ongkir shopee,lainnya,synthetic
ongkir tokopedia,lainnya,synthetic
ongkir lazada,lainnya,synthetic
ongkir bukalapak,lainnya,synthetic
biaya platform,lainnya,synthetic
biaya marketplace,lainnya,synthetic
potongan aplikasi,lainnya,synthetic
fee aplikasi,lainnya,synthetic
biaya jasa,lainnya,synthetic
jasa pengiriman,lainnya,synthetic
jne,lainnya,synthetic
jnt,lainnya,synthetic
sicepat,lainnya,synthetic
anteraja,lainnya,synthetic
ninja express,lainnya,synthetic
donasi,lainnya,synthetic
sedekah,lainnya,synthetic
infak,lainnya,synthetic
zakat,lainnya,synthetic
wakaf,lainnya,synthetic
sumbangan,lainnya,synthetic
amal,lainnya,synthetic
kolekte,lainnya,synthetic
iuran sosial,lainnya,synthetic
bantuan,lainnya,synthetic
bayar arisan,lainnya,synthetic
arisan,lainnya,synthetic
kas kelas,lainnya,synthetic
kas kantor,lainnya,synthetic
patungan,lainnya,synthetic
uang sekolah,lainnya,synthetic
spp,lainnya,synthetic
uang kuliah,lainnya,synthetic
ukt,lainnya,synthetic
biaya kursus,lainnya,synthetic
les privat,lainnya,synthetic
les bahasa inggris,lainnya,synthetic
les matematika,lainnya,synthetic
bimbel,lainnya,synthetic
biaya bimbel,lainnya,synthetic
beli buku pelajaran,lainnya,synthetic
buku kuliah,lainnya,synthetic
fotocopy,lainnya,synthetic
print tugas,lainnya,synthetic
jilid,lainnya,synthetic
biaya notaris,lainnya,synthetic
biaya legalisir,lainnya,synthetic
biaya cap,lainnya,synthetic
materai,lainnya,synthetic
fotocopy ktp,lainnya,synthetic
urus surat,lainnya,synthetic
biaya administrasi,lainnya,synthetic
biaya pendaftaran,lainnya,synthetic
daftar ujian,lainnya,synthetic
biaya ujian,lainnya,synthetic
biaya perpanjang sim,lainnya,synthetic
sim baru,lainnya,synthetic
biaya kir,lainnya,synthetic
bayar denda,lainnya,synthetic
denda tilang,lainnya,synthetic
biaya tak terduga,lainnya,synthetic
pengeluaran tak terduga,lainnya,synthetic
lain lain,lainnya,synthetic
keperluan lain,lainnya,synthetic
macam macam,lainnya,synthetic
beli ini itu,lainnya,synthetic
belanja random,lainnya,synthetic
pengeluaran random,lainnya,synthetic
biaya tambahan,lainnya,synthetic
biaya ekstra,lainnya,synthetic
uang jajan,lainnya,synthetic
uang saku,lainnya,synthetic
uang lebih,lainnya,synthetic
kelebihan uang,lainnya,synthetic
sisipan,lainnya,synthetic
pengeluaran kecil,lainnya,synthetic
jajan,lainnya,synthetic
beli ini,lainnya,synthetic
transfer ke teman,lainnya,synthetic
bayar utang,lainnya,synthetic
bayar hutang,lainnya,synthetic
pinjaman,lainnya,synthetic
kasih uang,lainnya,synthetic
hadiah,lainnya,synthetic
kado,lainnya,synthetic
beli kado,lainnya,synthetic
parcel,lainnya,synthetic
hampers,lainnya,synthetic
biaya laundry,lainnya,synthetic
laundry kiloan,lainnya,synthetic
dry clean,lainnya,synthetic
setrika,lainnya,synthetic
jahit baju,lainnya,synthetic
biaya admin,lainnya,synthetic
biaya admin bank,lainnya,synthetic
admin bca,lainnya,synthetic
admin bri,lainnya,synthetic
admin mandiri,lainnya,synthetic
admin bni,lainnya,synthetic
admin transfer,lainnya,synthetic
biaya transfer,lainnya,synthetic
biaya tarik tunai,lainnya,synthetic
biaya atm,lainnya,synthetic
denda bank,lainnya,synthetic
biaya rekening,lainnya,synthetic
provisi,lainnya,synthetic
biaya materai,lainnya,synthetic
cek saldo,lainnya,synthetic
biaya bulanan bank,lainnya,synthetic
biaya kartu debit,lainnya,synthetic
biaya kartu kredit,lainnya,synthetic
ongkir,lainnya,synthetic
ongkos kirim,lainnya,synthetic
biaya pengiriman,lainnya,synthetic
ongkir shopee,lainnya,synthetic
ongkir tokopedia,lainnya,synthetic
ongkir lazada,lainnya,synthetic
ongkir bukalapak,lainnya,synthetic
biaya platform,lainnya,synthetic
biaya marketplace,lainnya,synthetic
potongan aplikasi,lainnya,synthetic
fee aplikasi,lainnya,synthetic
biaya jasa,lainnya,synthetic
jasa pengiriman,lainnya,synthetic
jne,lainnya,synthetic
jnt,lainnya,synthetic
sicepat,lainnya,synthetic
anteraja,lainnya,synthetic
ninja express,lainnya,synthetic
donasi,lainnya,synthetic
sedekah,lainnya,synthetic
infak,lainnya,synthetic
zakat,lainnya,synthetic
wakaf,lainnya,synthetic
sumbangan,lainnya,synthetic
amal,lainnya,synthetic
kolekte,lainnya,synthetic
iuran sosial,lainnya,synthetic
bantuan,lainnya,synthetic
bayar arisan,lainnya,synthetic
arisan,lainnya,synthetic
kas kelas,lainnya,synthetic
kas kantor,lainnya,synthetic
patungan,lainnya,synthetic
uang sekolah,lainnya,synthetic
spp,lainnya,synthetic
uang kuliah,lainnya,synthetic
ukt,lainnya,synthetic
biaya kursus,lainnya,synthetic
les privat,lainnya,synthetic
les bahasa inggris,lainnya,synthetic
les matematika,lainnya,synthetic
bimbel,lainnya,synthetic
biaya bimbel,lainnya,synthetic
beli buku pelajaran,lainnya,synthetic
buku kuliah,lainnya,synthetic
fotocopy,lainnya,synthetic
print tugas,lainnya,synthetic
jilid,lainnya,synthetic
biaya notaris,lainnya,synthetic
biaya legalisir,lainnya,synthetic
biaya cap,lainnya,synthetic
materai,lainnya,synthetic
fotocopy ktp,lainnya,synthetic
urus surat,lainnya,synthetic
biaya administrasi,lainnya,synthetic
biaya pendaftaran,lainnya,synthetic
daftar ujian,lainnya,synthetic
biaya ujian,lainnya,synthetic
biaya perpanjang sim,lainnya,synthetic
sim baru,lainnya,synthetic
biaya kir,lainnya,synthetic
bayar denda,lainnya,synthetic
denda tilang,lainnya,synthetic
biaya tak terduga,lainnya,synthetic
pengeluaran tak terduga,lainnya,synthetic
lain lain,lainnya,synthetic
keperluan lain,lainnya,synthetic
macam macam,lainnya,synthetic
beli ini itu,lainnya,synthetic
belanja random,lainnya,synthetic
pengeluaran random,lainnya,synthetic
biaya tambahan,lainnya,synthetic
biaya ekstra,lainnya,synthetic
uang jajan,lainnya,synthetic
uang saku,lainnya,synthetic
uang lebih,lainnya,synthetic
kelebihan uang,lainnya,synthetic
sisipan,lainnya,synthetic
pengeluaran kecil,lainnya,synthetic
jajan,lainnya,synthetic
beli ini,lainnya,synthetic
transfer ke teman,lainnya,synthetic
bayar utang,lainnya,synthetic
bayar hutang,lainnya,synthetic
pinjaman,lainnya,synthetic
kasih uang,lainnya,synthetic
hadiah,lainnya,synthetic
kado,lainnya,synthetic
beli kado,lainnya,synthetic
parcel,lainnya,synthetic
hampers,lainnya,synthetic
biaya laundry,lainnya,synthetic
laundry kiloan,lainnya,synthetic
dry clean,lainnya,synthetic
setrika,lainnya,synthetic
jahit baju,lainnya,synthetic
biaya admin,lainnya,synthetic
biaya admin bank,lainnya,synthetic
admin bca,lainnya,synthetic
admin bri,lainnya,synthetic
admin mandiri,lainnya,synthetic
admin bni,lainnya,synthetic
admin transfer,lainnya,synthetic
biaya transfer,lainnya,synthetic
biaya tarik tunai,lainnya,synthetic
biaya atm,lainnya,synthetic
denda bank,lainnya,synthetic
biaya rekening,lainnya,synthetic
provisi,lainnya,synthetic
biaya materai,lainnya,synthetic
cek saldo,lainnya,synthetic
biaya bulanan bank,lainnya,synthetic
biaya kartu debit,lainnya,synthetic
biaya kartu kredit,lainnya,synthetic
ongkir,lainnya,synthetic
ongkos kirim,lainnya,synthetic
biaya pengiriman,lainnya,synthetic
ongkir shopee,lainnya,synthetic
ongkir tokopedia,lainnya,synthetic
ongkir lazada,lainnya,synthetic
ongkir bukalapak,lainnya,synthetic
biaya platform,lainnya,synthetic
biaya marketplace,lainnya,synthetic
potongan aplikasi,lainnya,synthetic
fee aplikasi,lainnya,synthetic
biaya jasa,lainnya,synthetic
jasa pengiriman,lainnya,synthetic
jne,lainnya,synthetic
jnt,lainnya,synthetic
sicepat,lainnya,synthetic
anteraja,lainnya,synthetic
ninja express,lainnya,synthetic
donasi,lainnya,synthetic
sedekah,lainnya,synthetic
infak,lainnya,synthetic
zakat,lainnya,synthetic
wakaf,lainnya,synthetic
sumbangan,lainnya,synthetic
amal,lainnya,synthetic
kolekte,lainnya,synthetic
iuran sosial,lainnya,synthetic
bantuan,lainnya,synthetic
bayar arisan,lainnya,synthetic
arisan,lainnya,synthetic
kas kelas,lainnya,synthetic
kas kantor,lainnya,synthetic
patungan,lainnya,synthetic
uang sekolah,lainnya,synthetic
spp,lainnya,synthetic
uang kuliah,lainnya,synthetic
ukt,lainnya,synthetic
biaya kursus,lainnya,synthetic
les privat,lainnya,synthetic
les bahasa inggris,lainnya,synthetic
les matematika,lainnya,synthetic
bimbel,lainnya,synthetic
biaya bimbel,lainnya,synthetic
beli buku pelajaran,lainnya,synthetic
buku kuliah,lainnya,synthetic
fotocopy,lainnya,synthetic
print tugas,lainnya,synthetic
jilid,lainnya,synthetic
biaya notaris,lainnya,synthetic
biaya legalisir,lainnya,synthetic
biaya cap,lainnya,synthetic
materai,lainnya,synthetic
fotocopy ktp,lainnya,synthetic
urus surat,lainnya,synthetic
